web_scraper_order,web_scraper_start_url,data,data2,data3,data4,data5,data6,image,image2
"1775684151-1","https://blinkit.com/cn/home-office/car-bike-care/cid/1379/1415","3M Car Care Microfiber Cloth","1 pc","₹199","₹245","18%
OFF","ADD","https://cdn.grofers.com/cdn-cgi/image/f=auto,fit=scale-down,q=70,metadata=none,w=270/da/cms-assets/cms/product/7679ce3d-f653-456e-8038-ca3a2f51f8e8.png","https://cdn.grofers.com/cdn-cgi/image/f=auto,fit=scale-down,q=70,metadata=none,w=90/assets/eta-icons/30-mins.png"
"1775684151-2","https://blinkit.com/cn/home-office/car-bike-care/cid/1379/1415","Softspun All Purpose Cleaning Microfiber Cloth (Grey)","4 pcs","₹299","₹604","50%
OFF","ADD","https://cdn.grofers.com/cdn-cgi/image/f=auto,fit=scale-down,q=70,metadata=none,w=270/da/cms-assets/cms/product/185bcb37-0ecd-46b2-ac6f-02e3ed1144ca.png","https://cdn.grofers.com/cdn-cgi/image/f=auto,fit=scale-down,q=70,metadata=none,w=90/assets/eta-icons/30-mins.png"
"1775684151-3","https://blinkit.com/cn/home-office/car-bike-care/cid/1379/1415","Motomax Insta Shine 4 in 1 for Bike Polish","1 pc","₹70","₹75","6%
OFF","ADD","https://cdn.grofers.com/cdn-cgi/image/f=auto,fit=scale-down,q=70,metadata=none,w=270/da/cms-assets/cms/product/b1f5ea37-e726-41da-a6d5-8cb203ec64fb.png","https://cdn.grofers.com/cdn-cgi/image/f=auto,fit=scale-down,q=70,metadata=none,w=90/assets/eta-icons/30-mins.png"
"1775684151-4","https://blinkit.com/cn/home-office/car-bike-care/cid/1379/1415","3M Premium Liquid Wax","200 ml","₹379","₹520","27%
OFF","ADD","https://cdn.grofers.com/cdn-cgi/image/f=auto,fit=scale-down,q=70,metadata=none,w=270/da/cms-assets/cms/product/3fa1a9aa-4283-43f9-bc0f-e7cb60ef1163.png","https://cdn.grofers.com/cdn-cgi/image/f=auto,fit=scale-down,q=70,metadata=none,w=90/assets/eta-icons/30-mins.png"
"1775684151-5","https://blinkit.com/cn/home-office/car-bike-care/cid/1379/1415","3M Car Shampoo","250 ml","₹289","₹382","24%
OFF","ADD","https://cdn.grofers.com/cdn-cgi/image/f=auto,fit=scale-down,q=70,metadata=none,w=270/da/cms-assets/cms/product/8c1eecc3-098f-414c-b229-95880d4cb141.png","https://cdn.grofers.com/cdn-cgi/image/f=auto,fit=scale-down,q=70,metadata=none,w=90/assets/eta-icons/30-mins.png"
"1775684151-6","https://blinkit.com/cn/home-office/car-bike-care/cid/1379/1415","3M Rodent Repellent Coating Car Cleaner Spray","80 g","₹239","₹325","26%
OFF","ADD","https://cdn.grofers.com/cdn-cgi/image/f=auto,fit=scale-down,q=70,metadata=none,w=270/da/cms-assets/cms/product/1aeb01ea-3a22-4d54-9ed9-302269058041.png","https://cdn.grofers.com/cdn-cgi/image/f=auto,fit=scale-down,q=70,metadata=none,w=90/assets/eta-icons/30-mins.png"
"1775684151-7","https://blinkit.com/cn/home-office/car-bike-care/cid/1379/1415","3M RPL+ Rust Penetrant Lubricant Rust Remover Spray","60 ml","₹139","₹166","16%
OFF","ADD","https://cdn.grofers.com/cdn-cgi/image/f=auto,fit=scale-down,q=70,metadata=none,w=270/da/cms-assets/cms/product/cf8f3680-4cbd-4496-bb52-cdd228f21857.png","https://cdn.grofers.com/cdn-cgi/image/f=auto,fit=scale-down,q=70,metadata=none,w=90/assets/eta-icons/30-mins.png"
"1775684151-8","https://blinkit.com/cn/home-office/car-bike-care/cid/1379/1415","Motomax Car Shampoo","100 ml","₹92","₹100","8%
OFF","ADD","https://cdn.grofers.com/cdn-cgi/image/f=auto,fit=scale-down,q=70,metadata=none,w=270/da/cms-assets/cms/product/e467b072-b6e3-4e39-843c-878ffd1bdb8f.png","https://cdn.grofers.com/cdn-cgi/image/f=auto,fit=scale-down,q=70,metadata=none,w=90/assets/eta-icons/30-mins.png"
"1775684151-9","https://blinkit.com/cn/home-office/car-bike-care/cid/1379/1415","Motomax Chain Lubricant Spray for Chains in Bikes","100 ml","₹156","₹170","8%
OFF","ADD","https://cdn.grofers.com/cdn-cgi/image/f=auto,fit=scale-down,q=70,metadata=none,w=270/da/cms-assets/cms/product/29be0506-baeb-4957-a979-db37ab160edb.png","https://cdn.grofers.com/cdn-cgi/image/f=auto,fit=scale-down,q=70,metadata=none,w=90/assets/eta-icons/30-mins.png"
"1775684151-10","https://blinkit.com/cn/home-office/car-bike-care/cid/1379/1415","Motomax Leather & Upholstery Car Cleaner","200 ml","₹246","₹270","8%
OFF","ADD","https://cdn.grofers.com/cdn-cgi/image/f=auto,fit=scale-down,q=70,metadata=none,w=270/da/cms-assets/cms/product/721300cf-525c-42b7-baf1-5ea825a2ad54.png","https://cdn.grofers.com/cdn-cgi/image/f=auto,fit=scale-down,q=70,metadata=none,w=90/assets/ui/ad_without_bg.png"
"1775684151-11","https://blinkit.com/cn/home-office/car-bike-care/cid/1379/1415","Motomax Dashboard Car Polish","100 ml","₹183","₹200","8%
OFF","ADD","https://cdn.grofers.com/cdn-cgi/image/f=auto,fit=scale-down,q=70,metadata=none,w=270/da/cms-assets/cms/product/9a1da8c7-6987-44d9-af49-cbedc0bfd8a2.png","https://cdn.grofers.com/cdn-cgi/image/f=auto,fit=scale-down,q=70,metadata=none,w=90/assets/eta-icons/30-mins.png"
"1775684151-12","https://blinkit.com/cn/home-office/car-bike-care/cid/1379/1415","Am Safe-X Microfiber Car Cleaner Cloth","1 pc","₹399","₹1,599","75%
OFF","ADD","https://cdn.grofers.com/cdn-cgi/image/f=auto,fit=scale-down,q=70,metadata=none,w=270/da/cms-assets/cms/product/rc-upload-1770715840464-53.png","https://cdn.grofers.com/cdn-cgi/image/f=auto,fit=scale-down,q=70,metadata=none,w=90/assets/ui/ad_without_bg.png"
"1775684151-13","https://blinkit.com/cn/home-office/car-bike-care/cid/1379/1415","Am Safe-X Microfiber Cloth for Car Cleaning","3 pcs","₹369","₹899","58%
OFF","ADD","",""
"1775684151-14","https://blinkit.com/cn/home-office/car-bike-care/cid/1379/1415","Softspun All Purpose Microfiber Cloth (Multicolour)","4 pcs","₹339","₹999","66%
OFF","ADD","",""
"1775684151-15","https://blinkit.com/cn/home-office/car-bike-care/cid/1379/1415","Motomax Protectant Spray","100 ml","₹137","₹150","8%
OFF","ADD","",""
"1775684151-16","https://blinkit.com/cn/home-office/car-bike-care/cid/1379/1415","Motomax Car & Bike Glass Cleaner","200 ml","₹228","₹250","8%
OFF","ADD","",""
"1775684151-17","https://blinkit.com/cn/home-office/car-bike-care/cid/1379/1415","Motomax Helmet & Visor Cleaner","200 ml","₹237","₹260","8%
OFF","ADD","",""
"1775684151-18","https://blinkit.com/cn/home-office/car-bike-care/cid/1379/1415","Motorzee Car Paper Foot Mat","20 pcs","₹69","₹99","30%
OFF","ADD","",""
"1775684151-19","https://blinkit.com/cn/home-office/car-bike-care/cid/1379/1415","Hanuman Decal Sticker for Car & Bike by - ServDharm","2 pcs","₹79","₹175","54%
OFF","ADD","",""
"1775684151-20","https://blinkit.com/cn/home-office/car-bike-care/cid/1379/1415","Mahakal Decal Sticker for Car & Bike by - ServDharm","8 g","₹79","₹175","54%
OFF","ADD","",""
"1775684151-21","https://blinkit.com/cn/home-office/car-bike-care/cid/1379/1415","Motorzee Blind Spot Mirror","2 pcs","₹129","₹199","35%
OFF","ADD","",""
"1775684151-22","https://blinkit.com/cn/home-office/car-bike-care/cid/1379/1415","Motorzee Cleaning Slime","1 pc","₹89","₹249","64%
OFF","ADD","",""
"1775684151-23","https://blinkit.com/cn/home-office/car-bike-care/cid/1379/1415","Studds Open Face Helmet for Men & Women - M","1 unit","₹880","₹1,020","13%
OFF","ADD","",""
"1775684151-24","https://blinkit.com/cn/home-office/car-bike-care/cid/1379/1415","Motorzee Car Dustbin","1 pc","₹109","₹199","45%
OFF","ADD","",""
"1775684151-25","https://blinkit.com/cn/home-office/car-bike-care/cid/1379/1415","3M Auto-Care Microfiber Cloth","6 pcs","₹789","₹999","21%
OFF","ADD","",""
"1775684151-26","https://blinkit.com/cn/home-office/car-bike-care/cid/1379/1415","3M Car Care Dashboard Dresser / Shiner","250 ml","₹409","₹504","18%
OFF","ADD","",""
"1775684151-27","https://blinkit.com/cn/home-office/car-bike-care/cid/1379/1415","ShineXPro Car Rat Repellent Spray","125 ml","₹299","₹599","50%
OFF","ADD","",""
"1775684151-28","https://blinkit.com/cn/home-office/car-bike-care/cid/1379/1415","ShineXPro Microfiber Cloth for Car & Bike Cleaning","2 pcs","₹499","₹549","9%
OFF","ADD","",""
"1775684151-29","https://blinkit.com/cn/home-office/car-bike-care/cid/1379/1415","Studds Open Face Helmet for Men & Women-XL","1 unit","₹1,116","₹1,295","13%
OFF","ADD","",""
"1775684151-30","https://blinkit.com/cn/home-office/car-bike-care/cid/1379/1415","Studds Vogue Eco Half Face Unisex Helmet - Large","1 unit","₹858","₹995","13%
OFF","ADD","",""
"1775684151-31","https://blinkit.com/cn/home-office/car-bike-care/cid/1379/1415","Am Safe-X Microfiber Cloth for Car Cleaning","3 pcs","₹369","₹899","58%
OFF","ADD","https://cdn.grofers.com/cdn-cgi/image/f=auto,fit=scale-down,q=70,metadata=none,w=270/da/cms-assets/cms/product/f7cec2ed-f799-4249-b220-a31fb516dc1d.png","https://cdn.grofers.com/cdn-cgi/image/f=auto,fit=scale-down,q=70,metadata=none,w=90/assets/ui/ad_without_bg.png"
"1775684151-32","https://blinkit.com/cn/home-office/car-bike-care/cid/1379/1415","Softspun All Purpose Microfiber Cloth (Multicolour)","4 pcs","₹339","₹999","66%
OFF","ADD","https://cdn.grofers.com/cdn-cgi/image/f=auto,fit=scale-down,q=70,metadata=none,w=270/da/cms-assets/cms/product/2372a9df-1605-405c-b418-b52fd454a087.png","https://cdn.grofers.com/cdn-cgi/image/f=auto,fit=scale-down,q=70,metadata=none,w=90/assets/ui/ad_without_bg.png"
"1775684151-33","https://blinkit.com/cn/home-office/car-bike-care/cid/1379/1415","Motomax Protectant Spray","100 ml","₹137","₹150","8%
OFF","ADD","https://cdn.grofers.com/cdn-cgi/image/f=auto,fit=scale-down,q=70,metadata=none,w=270/da/cms-assets/cms/product/b26a4257-3b52-4d72-b47e-48974295b2b2.png","https://cdn.grofers.com/cdn-cgi/image/f=auto,fit=scale-down,q=70,metadata=none,w=90/assets/ui/ad_without_bg.png"
"1775684151-34","https://blinkit.com/cn/home-office/car-bike-care/cid/1379/1415","Motomax Car & Bike Glass Cleaner","200 ml","₹228","₹250","8%
OFF","ADD","https://cdn.grofers.com/cdn-cgi/image/f=auto,fit=scale-down,q=70,metadata=none,w=270/da/cms-assets/cms/product/3666ec79-cd1e-49ab-9c95-2bc860e2b884.png","https://cdn.grofers.com/cdn-cgi/image/f=auto,fit=scale-down,q=70,metadata=none,w=90/assets/ui/ad_without_bg.png"
"1775684151-35","https://blinkit.com/cn/home-office/car-bike-care/cid/1379/1415","Motomax Helmet & Visor Cleaner","200 ml","₹237","₹260","8%
OFF","ADD","https://cdn.grofers.com/cdn-cgi/image/f=auto,fit=scale-down,q=70,metadata=none,w=270/da/cms-assets/cms/product/3dbb7392-c402-4bd8-80e5-55c3c82a42d7.png","https://cdn.grofers.com/cdn-cgi/image/f=auto,fit=scale-down,q=70,metadata=none,w=90/assets/ui/ad_without_bg.png"
"1775684151-36","https://blinkit.com/cn/home-office/car-bike-care/cid/1379/1415","Motorzee Car Paper Foot Mat","20 pcs","₹69","₹99","30%
OFF","ADD","https://cdn.grofers.com/cdn-cgi/image/f=auto,fit=scale-down,q=70,metadata=none,w=270/da/cms-assets/cms/product/3401ae34-bf27-4ec4-a5b1-a0f66cd80e2f.png","https://cdn.grofers.com/cdn-cgi/image/f=auto,fit=scale-down,q=70,metadata=none,w=90/assets/eta-icons/30-mins.png"
"1775684151-37","https://blinkit.com/cn/home-office/car-bike-care/cid/1379/1415","Hanuman Decal Sticker for Car & Bike by - ServDharm","2 pcs","₹79","₹175","54%
OFF","ADD","https://cdn.grofers.com/cdn-cgi/image/f=auto,fit=scale-down,q=70,metadata=none,w=270/da/cms-assets/cms/product/1d6c1e99-1faa-48ef-bf05-f045ed01e53c.png","https://cdn.grofers.com/cdn-cgi/image/f=auto,fit=scale-down,q=70,metadata=none,w=90/assets/eta-icons/30-mins.png"
"1775684151-38","https://blinkit.com/cn/home-office/car-bike-care/cid/1379/1415","Mahakal Decal Sticker for Car & Bike by - ServDharm","8 g","₹79","₹175","54%
OFF","ADD","https://cdn.grofers.com/cdn-cgi/image/f=auto,fit=scale-down,q=70,metadata=none,w=270/da/cms-assets/cms/product/070e111e-e0bc-483b-8ded-d9124e25fe66.png","https://cdn.grofers.com/cdn-cgi/image/f=auto,fit=scale-down,q=70,metadata=none,w=90/assets/eta-icons/30-mins.png"
"1775684151-39","https://blinkit.com/cn/home-office/car-bike-care/cid/1379/1415","Motorzee Blind Spot Mirror","2 pcs","₹129","₹199","35%
OFF","ADD","https://cdn.grofers.com/cdn-cgi/image/f=auto,fit=scale-down,q=70,metadata=none,w=270/da/cms-assets/cms/product/926ccffc-ce95-40f6-8b69-e6cc6e418538.png","https://cdn.grofers.com/cdn-cgi/image/f=auto,fit=scale-down,q=70,metadata=none,w=90/assets/eta-icons/30-mins.png"
"1775684151-40","https://blinkit.com/cn/home-office/car-bike-care/cid/1379/1415","Motorzee Cleaning Slime","1 pc","₹89","₹249","64%
OFF","ADD","https://cdn.grofers.com/cdn-cgi/image/f=auto,fit=scale-down,q=70,metadata=none,w=270/da/cms-assets/cms/product/490831d2-d334-466d-9095-ac46c1497c72.png","https://cdn.grofers.com/cdn-cgi/image/f=auto,fit=scale-down,q=70,metadata=none,w=90/assets/eta-icons/30-mins.png"
"1775684151-41","https://blinkit.com/cn/home-office/car-bike-care/cid/1379/1415","Studds Open Face Helmet for Men & Women - M","1 unit","₹880","₹1,020","13%
OFF","ADD","https://cdn.grofers.com/cdn-cgi/image/f=auto,fit=scale-down,q=70,metadata=none,w=270/da/cms-assets/cms/product/e89b2ac0-6c3b-4f10-9360-19ca32bd6757.png","https://cdn.grofers.com/cdn-cgi/image/f=auto,fit=scale-down,q=70,metadata=none,w=90/assets/eta-icons/30-mins.png"
"1775684151-42","https://blinkit.com/cn/home-office/car-bike-care/cid/1379/1415","Motorzee Car Dustbin","1 pc","₹109","₹199","45%
OFF","ADD","https://cdn.grofers.com/cdn-cgi/image/f=auto,fit=scale-down,q=70,metadata=none,w=270/da/cms-assets/cms/product/bd6186c5-2b01-4040-bdd5-7bce14747c7a.png","https://cdn.grofers.com/cdn-cgi/image/f=auto,fit=scale-down,q=70,metadata=none,w=90/assets/eta-icons/30-mins.png"
"1775684151-43","https://blinkit.com/cn/home-office/car-bike-care/cid/1379/1415","3M Auto-Care Microfiber Cloth","6 pcs","₹789","₹999","21%
OFF","ADD","https://cdn.grofers.com/cdn-cgi/image/f=auto,fit=scale-down,q=70,metadata=none,w=270/da/cms-assets/cms/product/79048224-b08d-4355-9245-bdb7ff01449a.png","https://cdn.grofers.com/cdn-cgi/image/f=auto,fit=scale-down,q=70,metadata=none,w=90/assets/eta-icons/30-mins.png"
"1775684151-44","https://blinkit.com/cn/home-office/car-bike-care/cid/1379/1415","3M Car Care Dashboard Dresser / Shiner","250 ml","₹409","₹504","18%
OFF","ADD","https://cdn.grofers.com/cdn-cgi/image/f=auto,fit=scale-down,q=70,metadata=none,w=270/da/cms-assets/cms/product/06b19149-e9cf-4d8a-940e-5e2024d0e926.png","https://cdn.grofers.com/cdn-cgi/image/f=auto,fit=scale-down,q=70,metadata=none,w=90/assets/eta-icons/30-mins.png"
"1775684151-45","https://blinkit.com/cn/home-office/car-bike-care/cid/1379/1415","ShineXPro Car Rat Repellent Spray","125 ml","₹299","₹599","50%
OFF","ADD","https://cdn.grofers.com/cdn-cgi/image/f=auto,fit=scale-down,q=70,metadata=none,w=270/da/cms-assets/cms/product/7f45b3e4-04fd-477c-8884-e9b0b21a8b4a.png","https://cdn.grofers.com/cdn-cgi/image/f=auto,fit=scale-down,q=70,metadata=none,w=90/assets/eta-icons/30-mins.png"
"1775684151-46","https://blinkit.com/cn/home-office/car-bike-care/cid/1379/1415","ShineXPro Microfiber Cloth for Car & Bike Cleaning","2 pcs","₹499","₹549","9%
OFF","ADD","https://cdn.grofers.com/cdn-cgi/image/f=auto,fit=scale-down,q=70,metadata=none,w=270/da/cms-assets/cms/product/b0250d09-082a-46fa-a0ed-eee3abe9dfea.png","https://cdn.grofers.com/cdn-cgi/image/f=auto,fit=scale-down,q=70,metadata=none,w=90/assets/eta-icons/30-mins.png"
"1775684151-47","https://blinkit.com/cn/home-office/car-bike-care/cid/1379/1415","Studds Open Face Helmet for Men & Women-XL","1 unit","₹1,116","₹1,295","13%
OFF","ADD","https://cdn.grofers.com/cdn-cgi/image/f=auto,fit=scale-down,q=70,metadata=none,w=270/da/cms-assets/cms/product/4205101b-5b27-41aa-b110-045bde8794fe.png","https://cdn.grofers.com/cdn-cgi/image/f=auto,fit=scale-down,q=70,metadata=none,w=90/assets/eta-icons/30-mins.png"
"1775684151-48","https://blinkit.com/cn/home-office/car-bike-care/cid/1379/1415","Studds Vogue Eco Half Face Unisex Helmet - Large","1 unit","₹858","₹995","13%
OFF","ADD","https://cdn.grofers.com/cdn-cgi/image/f=auto,fit=scale-down,q=70,metadata=none,w=270/da/cms-assets/cms/product/af6325e5-6333-4b28-9893-facf993b5608.png","https://cdn.grofers.com/cdn-cgi/image/f=auto,fit=scale-down,q=70,metadata=none,w=90/assets/eta-icons/30-mins.png"
"1775684151-49","https://blinkit.com/cn/home-office/car-bike-care/cid/1379/1415","Studds Raider Street Full Face Helmet with Clear Visor - XL","1 unit","₹944","₹1,095","13%
OFF","ADD","https://cdn.grofers.com/cdn-cgi/image/f=auto,fit=scale-down,q=70,metadata=none,w=270/da/cms-assets/cms/product/8a25f5b7-2959-46a5-800e-7989d7dc17a5.png","https://cdn.grofers.com/cdn-cgi/image/f=auto,fit=scale-down,q=70,metadata=none,w=90/assets/eta-icons/30-mins.png"
"1775684151-50","https://blinkit.com/cn/home-office/car-bike-care/cid/1379/1415","Tekcool Car Duster with Extendable Handle","1 pc","₹390","₹699","44%
OFF","ADD","https://cdn.grofers.com/cdn-cgi/image/f=auto,fit=scale-down,q=70,metadata=none,w=270/da/cms-assets/cms/product/6b82a95b-d07d-481f-8dda-a9eec93e9e36.png","https://cdn.grofers.com/cdn-cgi/image/f=auto,fit=scale-down,q=70,metadata=none,w=90/assets/eta-icons/30-mins.png"
"1775684151-51","https://blinkit.com/cn/home-office/car-bike-care/cid/1379/1415","Studds Vogue Helmet for Men and Women with Clear Visor - L","1 unit","₹927","₹1,075","13%
OFF","ADD","https://cdn.grofers.com/cdn-cgi/image/f=auto,fit=scale-down,q=70,metadata=none,w=270/da/cms-assets/cms/product/16be8204-6c9c-44d3-8100-0d172b795b37.png","https://cdn.grofers.com/cdn-cgi/image/f=auto,fit=scale-down,q=70,metadata=none,w=90/assets/eta-icons/30-mins.png"
"1775684151-52","https://blinkit.com/cn/home-office/car-bike-care/cid/1379/1415","3M Attachment Tape","1 pc","₹139","₹181","23%
OFF","ADD","https://cdn.grofers.com/cdn-cgi/image/f=auto,fit=scale-down,q=70,metadata=none,w=270/da/cms-assets/cms/product/e7bd5124-d879-4d89-a4b2-d58f76abf809.png","https://cdn.grofers.com/cdn-cgi/image/f=auto,fit=scale-down,q=70,metadata=none,w=90/assets/eta-icons/30-mins.png"
"1775684151-53","https://blinkit.com/cn/home-office/car-bike-care/cid/1379/1415","Motorzee Tubeless Tyre Repair Kit","1 set","₹159","₹299","46%
OFF","ADD","https://cdn.grofers.com/cdn-cgi/image/f=auto,fit=scale-down,q=70,metadata=none,w=270/da/cms-assets/cms/product/3ea31935-6cc8-4048-acb8-b416027c6bb9.png","https://cdn.grofers.com/cdn-cgi/image/f=auto,fit=scale-down,q=70,metadata=none,w=90/assets/eta-icons/30-mins.png"
"1775684151-54","https://blinkit.com/cn/home-office/car-bike-care/cid/1379/1415","3M Car/Bike Shampoo","500 ml","₹489","₹652","25%
OFF","ADD","https://cdn.grofers.com/cdn-cgi/image/f=auto,fit=scale-down,q=70,metadata=none,w=270/da/cms-assets/cms/product/329f9943-160b-4232-b265-d8455bc400d6.png","https://cdn.grofers.com/cdn-cgi/image/f=auto,fit=scale-down,q=70,metadata=none,w=90/assets/eta-icons/30-mins.png"
"1775684151-55","https://blinkit.com/cn/home-office/car-bike-care/cid/1379/1415","3M Car Glass Cleaner","500 ml","₹546","","30 mins","ADD","",""
"1775684151-56","https://blinkit.com/cn/home-office/car-bike-care/cid/1379/1415","Meguiars Ultimate Quick Hydrophobic Car Wax","473 ml","₹892","₹999","10%
OFF","ADD","",""
"1775684151-57","https://blinkit.com/cn/home-office/car-bike-care/cid/1379/1415","Motorzee Car Steering Knob","1 pc","₹279","₹499","44%
OFF","ADD","",""
"1775684151-58","https://blinkit.com/cn/home-office/car-bike-care/cid/1379/1415","Motorzee Car Seat Hook Set","4 pcs","₹179","₹299","40%
OFF","ADD","",""
"1775684151-59","https://blinkit.com/cn/home-office/car-bike-care/cid/1379/1415","3M Care Kit Bike Polish","1 pc","₹719","₹829","13%
OFF","ADD","",""
"1775684151-60","https://blinkit.com/cn/home-office/car-bike-care/cid/1379/1415","Meguiars Supreme Shine Shine Car Microfiber Cloth","1 pc","₹328","₹399","17%
OFF","ADD","",""
"1775684151-61","https://blinkit.com/cn/home-office/car-bike-care/cid/1379/1415","Motorzee Jumper Cable","1 pc","₹599","","30 mins","ADD","",""
"1775684151-62","https://blinkit.com/cn/home-office/car-bike-care/cid/1379/1415","Meguiars Ultimate Waterless Wash Car Wax","768 ml","₹728","₹799","8%
OFF","ADD","",""
"1775684151-63","https://blinkit.com/cn/home-office/car-bike-care/cid/1379/1415","Studds Chrome Eco Full Face Helmet (Black, L)","1 unit","₹1,019","₹1,075","5%
OFF","ADD","",""
"1775684151-64","https://blinkit.com/cn/home-office/car-bike-care/cid/1379/1415","Motorzee Cleaning Brush","1 pc","₹269","₹299","10%
OFF","ADD","",""
"1775684151-65","https://blinkit.com/cn/home-office/car-bike-care/cid/1379/1415","Meguiars Gold Class Car Shampoo & Conditioner","473 ml","₹730","₹809","9%
OFF","ADD","",""
"1775684151-66","https://blinkit.com/cn/home-office/car-bike-care/cid/1379/1415","3M Anti-Microbial Foam Car AC Cleaner","80 g","₹369","₹485","23%
OFF","ADD","",""
"1775684151-67","https://blinkit.com/cn/home-office/car-bike-care/cid/1379/1415","Meguiars Ultimate Car Polish","473 ml","₹1,035","₹1,125","8%
OFF","ADD","",""
"1775684151-68","https://blinkit.com/cn/home-office/car-bike-care/cid/1379/1415","Studds Raider Full Face Helmet with Spoiler and Clear Visor - L","1 unit","₹1,288","₹1,495","13%
OFF","ADD","",""
"1775684151-69","https://blinkit.com/cn/home-office/car-bike-care/cid/1379/1415","3M Auto Specialty Tyre Polish","250 ml","₹359","₹459","21%
OFF","ADD","",""
"1775684151-70","https://blinkit.com/cn/home-office/car-bike-care/cid/1379/1415","GoMechanic Microfiber Cloth for Car Cleaning","4 pcs","₹499","","30 mins","ADD","",""
"1775684151-71","https://blinkit.com/cn/home-office/car-bike-care/cid/1379/1415","Meguiars Hybrid Ceramic Spray Car Wax","1 pc","₹1,684","₹1,899","11%
OFF","ADD","",""
"1775684151-72","https://blinkit.com/cn/home-office/car-bike-care/cid/1379/1415","Meguiars Ultimate Compound Body Polishing Oil","450 ml","₹1,155","₹1,299","11%
OFF","ADD","",""
"1775684151-73","https://blinkit.com/cn/home-office/car-bike-care/cid/1379/1415","Motorzee Car Bumper Protector","4 pcs","₹379","₹499","24%
OFF","ADD","",""
"1775684151-74","https://blinkit.com/cn/home-office/car-bike-care/cid/1379/1415","Motorzee Car Door Protector Set","4 pcs","₹209","₹399","47%
OFF","ADD","",""
"1775684151-75","https://blinkit.com/cn/home-office/car-bike-care/cid/1379/1415","Motorzee Car Door Seal Strip","1 pc","₹289","₹299","30 mins","ADD","",""
"1775684151-76","https://blinkit.com/cn/home-office/car-bike-care/cid/1379/1415","Motorzee Hanging Tissue Box","1 pc","₹369","₹449","17%
OFF","ADD","",""
"1775684151-77","https://blinkit.com/cn/home-office/car-bike-care/cid/1379/1415","Motorzee Scooty/ Bike Cover","1 pc","₹429","₹799","Out of Stock","","",""
"1775684151-78","https://blinkit.com/cn/home-office/car-bike-care/cid/1379/1415","Studds Ray Open Face Helmet (Pink, M)","1 unit","₹869","₹920","Out of Stock","","",""
"1775684151-79","https://blinkit.com/cn/home-office/car-bike-care/cid/1379/1415","3M Car Glass Cleaner","500 ml","₹546","","30 mins","ADD","https://cdn.grofers.com/cdn-cgi/image/f=auto,fit=scale-down,q=70,metadata=none,w=270/da/cms-assets/cms/product/4f4c97b0-7ff6-4d0d-8a14-7e1092bdf3ae.png","https://cdn.grofers.com/cdn-cgi/image/f=auto,fit=scale-down,q=70,metadata=none,w=90/assets/eta-icons/30-mins.png"
"1775684151-80","https://blinkit.com/cn/home-office/car-bike-care/cid/1379/1415","Meguiars Ultimate Quick Hydrophobic Car Wax","473 ml","₹892","₹999","10%
OFF","ADD","https://cdn.grofers.com/cdn-cgi/image/f=auto,fit=scale-down,q=70,metadata=none,w=270/da/cms-assets/cms/product/96ee9ebe-9e30-4bef-96a9-52b3a794089a.png","https://cdn.grofers.com/cdn-cgi/image/f=auto,fit=scale-down,q=70,metadata=none,w=90/assets/eta-icons/30-mins.png"
"1775684151-81","https://blinkit.com/cn/home-office/car-bike-care/cid/1379/1415","Motorzee Car Steering Knob","1 pc","₹279","₹499","44%
OFF","ADD","https://cdn.grofers.com/cdn-cgi/image/f=auto,fit=scale-down,q=70,metadata=none,w=270/da/cms-assets/cms/product/6146daeb-04c8-49ab-8d98-aa09ce75608e.png","https://cdn.grofers.com/cdn-cgi/image/f=auto,fit=scale-down,q=70,metadata=none,w=90/assets/eta-icons/30-mins.png"
"1775684151-82","https://blinkit.com/cn/home-office/car-bike-care/cid/1379/1415","Motorzee Car Seat Hook Set","4 pcs","₹179","₹299","40%
OFF","ADD","https://cdn.grofers.com/cdn-cgi/image/f=auto,fit=scale-down,q=70,metadata=none,w=270/da/cms-assets/cms/product/4b66a420-8213-4b6a-8e56-c0b2b9b13bee.png","https://cdn.grofers.com/cdn-cgi/image/f=auto,fit=scale-down,q=70,metadata=none,w=90/assets/eta-icons/30-mins.png"
"1775684151-83","https://blinkit.com/cn/home-office/car-bike-care/cid/1379/1415","3M Care Kit Bike Polish","1 pc","₹719","₹829","13%
OFF","ADD","https://cdn.grofers.com/cdn-cgi/image/f=auto,fit=scale-down,q=70,metadata=none,w=270/da/cms-assets/cms/product/1bdc80b3-6889-4f99-936d-c11dee923756.png","https://cdn.grofers.com/cdn-cgi/image/f=auto,fit=scale-down,q=70,metadata=none,w=90/assets/eta-icons/30-mins.png"
"1775684151-84","https://blinkit.com/cn/home-office/car-bike-care/cid/1379/1415","Meguiars Supreme Shine Shine Car Microfiber Cloth","1 pc","₹328","₹399","17%
OFF","ADD","https://cdn.grofers.com/cdn-cgi/image/f=auto,fit=scale-down,q=70,metadata=none,w=270/da/cms-assets/cms/product/f80f8a15-82c5-4828-bbd4-9f0240aba80a.png","https://cdn.grofers.com/cdn-cgi/image/f=auto,fit=scale-down,q=70,metadata=none,w=90/assets/eta-icons/30-mins.png"
"1775684151-85","https://blinkit.com/cn/home-office/car-bike-care/cid/1379/1415","Motorzee Jumper Cable","1 pc","₹599","","30 mins","ADD","https://cdn.grofers.com/cdn-cgi/image/f=auto,fit=scale-down,q=70,metadata=none,w=270/da/cms-assets/cms/product/19a43314-9313-44fb-917d-7fb6a268117d.png",""
"1775684151-86","https://blinkit.com/cn/home-office/car-bike-care/cid/1379/1415","Meguiars Ultimate Waterless Wash Car Wax","768 ml","₹728","₹799","8%
OFF","ADD","https://cdn.grofers.com/cdn-cgi/image/f=auto,fit=scale-down,q=70,metadata=none,w=270/da/cms-assets/cms/product/bd84002a-3a2b-4d65-aa09-acbeea28f260.png",""
"1775684151-87","https://blinkit.com/cn/home-office/car-bike-care/cid/1379/1415","Studds Chrome Eco Full Face Helmet (Black, L)","1 unit","₹1,019","₹1,075","5%
OFF","ADD","https://cdn.grofers.com/cdn-cgi/image/f=auto,fit=scale-down,q=70,metadata=none,w=270/da/cms-assets/cms/product/7cb8ba2a-c16b-49fc-b072-870712545816.png",""
"1775684151-88","https://blinkit.com/cn/home-office/car-bike-care/cid/1379/1415","Motorzee Cleaning Brush","1 pc","₹269","₹299","10%
OFF","ADD","https://cdn.grofers.com/cdn-cgi/image/f=auto,fit=scale-down,q=70,metadata=none,w=270/da/cms-assets/cms/product/65f7cd1c-61af-4793-b2ce-2c66ae2193ad.png",""
"1775684151-89","https://blinkit.com/cn/home-office/car-bike-care/cid/1379/1415","Meguiars Gold Class Car Shampoo & Conditioner","473 ml","₹730","₹809","9%
OFF","ADD","https://cdn.grofers.com/cdn-cgi/image/f=auto,fit=scale-down,q=70,metadata=none,w=270/da/cms-assets/cms/product/96ede216-1d9b-411a-b1a6-8b24d46d2fb5.png",""
"1775684151-90","https://blinkit.com/cn/home-office/car-bike-care/cid/1379/1415","3M Anti-Microbial Foam Car AC Cleaner","80 g","₹369","₹485","23%
OFF","ADD","https://cdn.grofers.com/cdn-cgi/image/f=auto,fit=scale-down,q=70,metadata=none,w=270/da/cms-assets/cms/product/5e3062f0-5c29-4262-b3fa-3f97cd507dc6.png",""
"1775684151-91","https://blinkit.com/cn/home-office/car-bike-care/cid/1379/1415","Motorzee Jumper Cable","1 pc","₹599","","30 mins","ADD","https://cdn.grofers.com/cdn-cgi/image/f=auto,fit=scale-down,q=70,metadata=none,w=270/da/cms-assets/cms/product/19a43314-9313-44fb-917d-7fb6a268117d.png","https://cdn.grofers.com/cdn-cgi/image/f=auto,fit=scale-down,q=70,metadata=none,w=90/assets/eta-icons/30-mins.png"
"1775684151-92","https://blinkit.com/cn/home-office/car-bike-care/cid/1379/1415","Meguiars Ultimate Waterless Wash Car Wax","768 ml","₹728","₹799","8%
OFF","ADD","https://cdn.grofers.com/cdn-cgi/image/f=auto,fit=scale-down,q=70,metadata=none,w=270/da/cms-assets/cms/product/bd84002a-3a2b-4d65-aa09-acbeea28f260.png","https://cdn.grofers.com/cdn-cgi/image/f=auto,fit=scale-down,q=70,metadata=none,w=90/assets/eta-icons/30-mins.png"
"1775684151-93","https://blinkit.com/cn/home-office/car-bike-care/cid/1379/1415","Studds Chrome Eco Full Face Helmet (Black, L)","1 unit","₹1,019","₹1,075","5%
OFF","ADD","https://cdn.grofers.com/cdn-cgi/image/f=auto,fit=scale-down,q=70,metadata=none,w=270/da/cms-assets/cms/product/7cb8ba2a-c16b-49fc-b072-870712545816.png","https://cdn.grofers.com/cdn-cgi/image/f=auto,fit=scale-down,q=70,metadata=none,w=90/assets/eta-icons/30-mins.png"
"1775684151-94","https://blinkit.com/cn/home-office/car-bike-care/cid/1379/1415","Motorzee Cleaning Brush","1 pc","₹269","₹299","10%
OFF","ADD","https://cdn.grofers.com/cdn-cgi/image/f=auto,fit=scale-down,q=70,metadata=none,w=270/da/cms-assets/cms/product/65f7cd1c-61af-4793-b2ce-2c66ae2193ad.png","https://cdn.grofers.com/cdn-cgi/image/f=auto,fit=scale-down,q=70,metadata=none,w=90/assets/eta-icons/30-mins.png"
"1775684151-95","https://blinkit.com/cn/home-office/car-bike-care/cid/1379/1415","Meguiars Gold Class Car Shampoo & Conditioner","473 ml","₹730","₹809","9%
OFF","ADD","https://cdn.grofers.com/cdn-cgi/image/f=auto,fit=scale-down,q=70,metadata=none,w=270/da/cms-assets/cms/product/96ede216-1d9b-411a-b1a6-8b24d46d2fb5.png","https://cdn.grofers.com/cdn-cgi/image/f=auto,fit=scale-down,q=70,metadata=none,w=90/assets/eta-icons/30-mins.png"
"1775684151-96","https://blinkit.com/cn/home-office/car-bike-care/cid/1379/1415","3M Anti-Microbial Foam Car AC Cleaner","80 g","₹369","₹485","23%
OFF","ADD","https://cdn.grofers.com/cdn-cgi/image/f=auto,fit=scale-down,q=70,metadata=none,w=270/da/cms-assets/cms/product/5e3062f0-5c29-4262-b3fa-3f97cd507dc6.png","https://cdn.grofers.com/cdn-cgi/image/f=auto,fit=scale-down,q=70,metadata=none,w=90/assets/eta-icons/30-mins.png"
"1775684151-97","https://blinkit.com/cn/home-office/car-bike-care/cid/1379/1415","Meguiars Ultimate Car Polish","473 ml","₹1,035","₹1,125","8%
OFF","ADD","https://cdn.grofers.com/cdn-cgi/image/f=auto,fit=scale-down,q=70,metadata=none,w=270/da/cms-assets/cms/product/62ad7075-ea0c-46a7-b489-a90e9815d287.png","https://cdn.grofers.com/cdn-cgi/image/f=auto,fit=scale-down,q=70,metadata=none,w=90/assets/eta-icons/30-mins.png"
"1775684151-98","https://blinkit.com/cn/home-office/car-bike-care/cid/1379/1415","Studds Raider Full Face Helmet with Spoiler and Clear Visor - L","1 unit","₹1,288","₹1,495","13%
OFF","ADD","https://cdn.grofers.com/cdn-cgi/image/f=auto,fit=scale-down,q=70,metadata=none,w=270/da/cms-assets/cms/product/da35317f-8c48-49f1-8619-470277418ae1.png","https://cdn.grofers.com/cdn-cgi/image/f=auto,fit=scale-down,q=70,metadata=none,w=90/assets/eta-icons/30-mins.png"
"1775684151-99","https://blinkit.com/cn/home-office/car-bike-care/cid/1379/1415","3M Auto Specialty Tyre Polish","250 ml","₹359","₹459","21%
OFF","ADD","https://cdn.grofers.com/cdn-cgi/image/f=auto,fit=scale-down,q=70,metadata=none,w=270/da/cms-assets/cms/product/cef07403-63e9-4532-8a90-39b0755dd4a5.png","https://cdn.grofers.com/cdn-cgi/image/f=auto,fit=scale-down,q=70,metadata=none,w=90/assets/eta-icons/30-mins.png"
"1775684151-100","https://blinkit.com/cn/home-office/car-bike-care/cid/1379/1415","GoMechanic Microfiber Cloth for Car Cleaning","4 pcs","₹499","","30 mins","ADD","https://cdn.grofers.com/cdn-cgi/image/f=auto,fit=scale-down,q=70,metadata=none,w=270/da/cms-assets/cms/product/rc-upload-1770287955535-306.png","https://cdn.grofers.com/cdn-cgi/image/f=auto,fit=scale-down,q=70,metadata=none,w=90/assets/eta-icons/30-mins.png"
"1775684151-101","https://blinkit.com/cn/home-office/car-bike-care/cid/1379/1415","Meguiars Hybrid Ceramic Spray Car Wax","1 pc","₹1,684","₹1,899","11%
OFF","ADD","https://cdn.grofers.com/cdn-cgi/image/f=auto,fit=scale-down,q=70,metadata=none,w=270/da/cms-assets/cms/product/616c1f49-9631-4cc0-9a6d-7fdcc3406992.png","https://cdn.grofers.com/cdn-cgi/image/f=auto,fit=scale-down,q=70,metadata=none,w=90/assets/eta-icons/30-mins.png"
"1775684151-102","https://blinkit.com/cn/home-office/car-bike-care/cid/1379/1415","Meguiars Ultimate Compound Body Polishing Oil","450 ml","₹1,155","₹1,299","11%
OFF","ADD","https://cdn.grofers.com/cdn-cgi/image/f=auto,fit=scale-down,q=70,metadata=none,w=270/da/cms-assets/cms/product/0d8997df-1644-486f-9db5-322582150c4b.png","https://cdn.grofers.com/cdn-cgi/image/f=auto,fit=scale-down,q=70,metadata=none,w=90/assets/eta-icons/30-mins.png"
"1775684151-103","https://blinkit.com/cn/home-office/car-bike-care/cid/1379/1415","Motorzee Car Bumper Protector","4 pcs","₹379","₹499","24%
OFF","ADD","https://cdn.grofers.com/cdn-cgi/image/f=auto,fit=scale-down,q=70,metadata=none,w=270/da/cms-assets/cms/product/da3da3d7-56f3-49a0-98f7-c5f4a5643bfd.png",""
"1775684151-104","https://blinkit.com/cn/home-office/car-bike-care/cid/1379/1415","Motorzee Car Door Protector Set","4 pcs","₹209","₹399","47%
OFF","ADD","https://cdn.grofers.com/cdn-cgi/image/f=auto,fit=scale-down,q=70,metadata=none,w=270/da/cms-assets/cms/product/30ded16e-e47e-4ea9-b158-ce7c2e1ff1bf.png",""
"1775684151-105","https://blinkit.com/cn/home-office/car-bike-care/cid/1379/1415","Motorzee Car Door Seal Strip","1 pc","₹289","₹299","30 mins","ADD","https://cdn.grofers.com/cdn-cgi/image/f=auto,fit=scale-down,q=70,metadata=none,w=270/da/cms-assets/cms/product/f0ffa32b-b943-40ab-9dd7-50ae171cca9c.png",""
"1775684151-106","https://blinkit.com/cn/home-office/car-bike-care/cid/1379/1415","Motorzee Hanging Tissue Box","1 pc","₹369","₹449","17%
OFF","ADD","https://cdn.grofers.com/cdn-cgi/image/f=auto,fit=scale-down,q=70,metadata=none,w=270/da/cms-assets/cms/product/fb4ca96a-0d11-4ce8-a02f-97a750928e0b.png",""
"1775684151-107","https://blinkit.com/cn/home-office/car-bike-care/cid/1379/1415","Motorzee Scooty/ Bike Cover","1 pc","₹429","₹799","Out of Stock","","https://cdn.grofers.com/cdn-cgi/image/f=auto,fit=scale-down,q=70,metadata=none,w=270/da/cms-assets/cms/product/3da500e4-57d4-4288-a6dd-731ab49dcb2a.png",""
"1775684151-108","https://blinkit.com/cn/home-office/car-bike-care/cid/1379/1415","Studds Ray Open Face Helmet (Pink, M)","1 unit","₹869","₹920","Out of Stock","","https://cdn.grofers.com/cdn-cgi/image/f=auto,fit=scale-down,q=70,metadata=none,w=270/da/cms-assets/cms/product/6a0af8f2-de39-4b15-8356-8433e7b3ea48.png",""
"1775684151-109","https://blinkit.com/cn/home-office/car-bike-care/cid/1379/1415","Motorzee Car Bumper Protector","4 pcs","₹379","₹499","24%
OFF","ADD","https://cdn.grofers.com/cdn-cgi/image/f=auto,fit=scale-down,q=70,metadata=none,w=270/da/cms-assets/cms/product/da3da3d7-56f3-49a0-98f7-c5f4a5643bfd.png","https://cdn.grofers.com/cdn-cgi/image/f=auto,fit=scale-down,q=70,metadata=none,w=90/assets/eta-icons/30-mins.png"
"1775684151-110","https://blinkit.com/cn/home-office/car-bike-care/cid/1379/1415","Motorzee Car Door Protector Set","4 pcs","₹209","₹399","47%
OFF","ADD","https://cdn.grofers.com/cdn-cgi/image/f=auto,fit=scale-down,q=70,metadata=none,w=270/da/cms-assets/cms/product/30ded16e-e47e-4ea9-b158-ce7c2e1ff1bf.png","https://cdn.grofers.com/cdn-cgi/image/f=auto,fit=scale-down,q=70,metadata=none,w=90/assets/eta-icons/30-mins.png"
"1775684151-111","https://blinkit.com/cn/home-office/car-bike-care/cid/1379/1415","Motorzee Car Door Seal Strip","1 pc","₹289","₹299","30 mins","ADD","https://cdn.grofers.com/cdn-cgi/image/f=auto,fit=scale-down,q=70,metadata=none,w=270/da/cms-assets/cms/product/f0ffa32b-b943-40ab-9dd7-50ae171cca9c.png","https://cdn.grofers.com/cdn-cgi/image/f=auto,fit=scale-down,q=70,metadata=none,w=90/assets/eta-icons/30-mins.png"
"1775684151-112","https://blinkit.com/cn/home-office/car-bike-care/cid/1379/1415","Motorzee Hanging Tissue Box","1 pc","₹369","₹449","17%
OFF","ADD","https://cdn.grofers.com/cdn-cgi/image/f=auto,fit=scale-down,q=70,metadata=none,w=270/da/cms-assets/cms/product/fb4ca96a-0d11-4ce8-a02f-97a750928e0b.png","https://cdn.grofers.com/cdn-cgi/image/f=auto,fit=scale-down,q=70,metadata=none,w=90/assets/eta-icons/30-mins.png"
"1775684151-113","https://blinkit.com/cn/home-office/car-bike-care/cid/1379/1415","Motorzee Scooty/ Bike Cover","1 pc","₹429","₹799","Out of Stock","","https://cdn.grofers.com/cdn-cgi/image/f=auto,fit=scale-down,q=70,metadata=none,w=270/da/cms-assets/cms/product/3da500e4-57d4-4288-a6dd-731ab49dcb2a.png","https://cdn.grofers.com/cdn-cgi/image/f=auto,fit=scale-down,q=70,metadata=none,w=90/assets/eta-icons/30-mins.png"
"1775684151-114","https://blinkit.com/cn/home-office/car-bike-care/cid/1379/1415","Studds Ray Open Face Helmet (Pink, M)","1 unit","₹869","₹920","Out of Stock","","https://cdn.grofers.com/cdn-cgi/image/f=auto,fit=scale-down,q=70,metadata=none,w=270/da/cms-assets/cms/product/6a0af8f2-de39-4b15-8356-8433e7b3ea48.png","https://cdn.grofers.com/cdn-cgi/image/f=auto,fit=scale-down,q=70,metadata=none,w=90/assets/eta-icons/30-mins.png"
"1775684151-115","https://blinkit.com/cn/home-office/car-bike-care/cid/1379/1415","Premium1 Scratch Remover Liquid Rubbing Compound","210 ml","₹480","₹898","Out of Stock","","https://cdn.grofers.com/cdn-cgi/image/f=auto,fit=scale-down,q=70,metadata=none,w=270/da/cms-assets/cms/product/235a9985-87f2-4b71-b3c6-a5822f61d795.png","https://cdn.grofers.com/cdn-cgi/image/f=auto,fit=scale-down,q=70,metadata=none,w=90/assets/eta-icons/30-mins.png"
"1775684151-116","https://blinkit.com/cn/home-office/car-bike-care/cid/1379/1415","Zappfresh Roadrunner Open Face Helmet (Color May Vary)","1 unit","₹669","₹1,000","Out of Stock","","https://cdn.grofers.com/cdn-cgi/image/f=auto,fit=scale-down,q=70,metadata=none,w=270/da/cms-assets/cms/product/644304f6-52aa-4258-98e1-4bf57d1ea984.png","https://cdn.grofers.com/cdn-cgi/image/f=auto,fit=scale-down,q=70,metadata=none,w=90/assets/eta-icons/30-mins.png"
"1775684151-117","https://blinkit.com/cn/home-office/car-bike-care/cid/1379/1415","Motomax Multi Surface Car Shiner","1 pc","₹146","₹160","Out of Stock","","https://cdn.grofers.com/cdn-cgi/image/f=auto,fit=scale-down,q=70,metadata=none,w=270/da/cms-assets/cms/product/bd99a620-dd7c-4f86-a221-fb9543e86f96.png","https://cdn.grofers.com/cdn-cgi/image/f=auto,fit=scale-down,q=70,metadata=none,w=90/assets/eta-icons/30-mins.png"
"1775684151-118","https://blinkit.com/cn/home-office/car-bike-care/cid/1379/1415","3M Foaming Car Cleaner","290 g","₹409","₹500","Out of Stock","","https://cdn.grofers.com/cdn-cgi/image/f=auto,fit=scale-down,q=70,metadata=none,w=270/da/cms-assets/cms/product/388125f4-3b92-46f0-be84-4f0f7d6ff90b.png","https://cdn.grofers.com/cdn-cgi/image/f=auto,fit=scale-down,q=70,metadata=none,w=90/assets/eta-icons/30-mins.png"
"1775684151-119","https://blinkit.com/cn/home-office/car-bike-care/cid/1379/1415","Carxpro Edgeless Microfiber Cloth","2 pcs","₹210","₹299","Out of Stock","","https://cdn.grofers.com/cdn-cgi/image/f=auto,fit=scale-down,q=70,metadata=none,w=270/da/cms-assets/cms/product/b1becbd3-1ecb-4a7c-86a2-5a6bbdcfb9a7.png","https://cdn.grofers.com/cdn-cgi/image/f=auto,fit=scale-down,q=70,metadata=none,w=90/assets/eta-icons/30-mins.png"
"1775684151-120","https://blinkit.com/cn/home-office/car-bike-care/cid/1379/1415","ShineXPro Concentrate Car Wash Car Shampoo","300 ml","₹249","₹339","Out of Stock","","https://cdn.grofers.com/cdn-cgi/image/f=auto,fit=scale-down,q=70,metadata=none,w=270/da/cms-assets/cms/product/efb69abe-46ca-40ed-ba8a-eb875b0b6702.png","https://cdn.grofers.com/cdn-cgi/image/f=auto,fit=scale-down,q=70,metadata=none,w=90/assets/eta-icons/30-mins.png"
"1775684151-121","https://blinkit.com/cn/home-office/car-bike-care/cid/1379/1415","Be Safe Forever Chain Lubricant Spray for Motorbikes","150 ml","₹229","₹349","Out of Stock","","",""
"1775684151-122","https://blinkit.com/cn/home-office/car-bike-care/cid/1379/1415","Am Safe-X Car Cleaning Microfiber Cloth","1 pc","₹399","₹699","Out of Stock","","",""
"1775684151-123","https://blinkit.com/cn/home-office/car-bike-care/cid/1379/1415","Meguiars Natural Shine Protectant Car Polish","473 ml","₹788","₹899","Out of Stock","","",""
"1775684151-124","https://blinkit.com/cn/home-office/car-bike-care/cid/1379/1415","3M Dry Wash Car Cleaner","1 ltr","₹479","₹490","Out of Stock","","",""
"1775684151-125","https://blinkit.com/cn/home-office/car-bike-care/cid/1379/1415","Mobil 5W-30 Full Synthetic Engine Oil","3.5 ltr","₹2,375","₹2,560","Out of Stock","","",""
"1775684151-126","https://blinkit.com/cn/home-office/car-bike-care/cid/1379/1415","Mobil Super All in One Protection Engine Oil 5W-40","4 ltr","₹2,878","₹2,948","Out of Stock","","",""
"1775684151-127","https://blinkit.com/cn/home-office/car-bike-care/cid/1379/1415","Mobil Super Moto Engine Oil (20W-50 4T)","1 ltr","₹403","₹475","Out of Stock","","",""
"1775684151-128","https://blinkit.com/cn/home-office/car-bike-care/cid/1379/1415","Mobil Super Moto Scooter Engine Oil 10W-30 4-AT","800 ml","₹339","₹392","Out of Stock","","",""
"1775684151-129","https://blinkit.com/cn/home-office/car-bike-care/cid/1379/1415","Be Safe Forever Chain Lubricant Spray for Motorbikes","150 ml","₹229","₹349","Out of Stock","","https://cdn.grofers.com/cdn-cgi/image/f=auto,fit=scale-down,q=70,metadata=none,w=270/da/cms-assets/cms/product/995e900a-6a80-46f7-9cc0-64ac07d020c2.png","https://cdn.grofers.com/cdn-cgi/image/f=auto,fit=scale-down,q=70,metadata=none,w=90/assets/eta-icons/30-mins.png"
"1775684151-130","https://blinkit.com/cn/home-office/car-bike-care/cid/1379/1415","Am Safe-X Car Cleaning Microfiber Cloth","1 pc","₹399","₹699","Out of Stock","","https://cdn.grofers.com/cdn-cgi/image/f=auto,fit=scale-down,q=70,metadata=none,w=270/da/cms-assets/cms/product/fc9eb7aa-15a3-4656-8e30-589bb8461eff.png","https://cdn.grofers.com/cdn-cgi/image/f=auto,fit=scale-down,q=70,metadata=none,w=90/assets/eta-icons/30-mins.png"
"1775684151-131","https://blinkit.com/cn/home-office/car-bike-care/cid/1379/1415","Meguiars Natural Shine Protectant Car Polish","473 ml","₹788","₹899","Out of Stock","","https://cdn.grofers.com/cdn-cgi/image/f=auto,fit=scale-down,q=70,metadata=none,w=270/da/cms-assets/cms/product/ba36abfa-bbf2-41be-8a7f-0f150222990d.png","https://cdn.grofers.com/cdn-cgi/image/f=auto,fit=scale-down,q=70,metadata=none,w=90/assets/eta-icons/30-mins.png"
"1775684151-132","https://blinkit.com/cn/home-office/car-bike-care/cid/1379/1415","3M Dry Wash Car Cleaner","1 ltr","₹479","₹490","Out of Stock","","https://cdn.grofers.com/cdn-cgi/image/f=auto,fit=scale-down,q=70,metadata=none,w=270/da/cms-assets/cms/product/588cb177-a6f1-45de-9eef-c85ee5bdfb21.png","https://cdn.grofers.com/cdn-cgi/image/f=auto,fit=scale-down,q=70,metadata=none,w=90/assets/eta-icons/30-mins.png"
"1775684151-133","https://blinkit.com/cn/home-office/car-bike-care/cid/1379/1415","Mobil 5W-30 Full Synthetic Engine Oil","3.5 ltr","₹2,375","₹2,560","Out of Stock","","https://cdn.grofers.com/cdn-cgi/image/f=auto,fit=scale-down,q=70,metadata=none,w=270/da/cms-assets/cms/product/194f7d34-05c0-4453-832f-e3794afff698.png","https://cdn.grofers.com/cdn-cgi/image/f=auto,fit=scale-down,q=70,metadata=none,w=90/assets/eta-icons/30-mins.png"
"1775684151-134","https://blinkit.com/cn/home-office/car-bike-care/cid/1379/1415","Mobil Super All in One Protection Engine Oil 5W-40","4 ltr","₹2,878","₹2,948","Out of Stock","","https://cdn.grofers.com/cdn-cgi/image/f=auto,fit=scale-down,q=70,metadata=none,w=270/da/cms-assets/cms/product/ad3ac707-7ff8-4b44-a21c-414d1472cf8a.png","https://cdn.grofers.com/cdn-cgi/image/f=auto,fit=scale-down,q=70,metadata=none,w=90/assets/eta-icons/30-mins.png"
"1775684151-135","https://blinkit.com/cn/home-office/car-bike-care/cid/1379/1415","Mobil Super Moto Engine Oil (20W-50 4T)","1 ltr","₹403","₹475","Out of Stock","","https://cdn.grofers.com/cdn-cgi/image/f=auto,fit=scale-down,q=70,metadata=none,w=270/da/cms-assets/cms/product/d4a4ae0b-1853-40c6-b96a-285e58579f7a.png",""
"1775684151-136","https://blinkit.com/cn/home-office/car-bike-care/cid/1379/1415","Mobil Super Moto Scooter Engine Oil 10W-30 4-AT","800 ml","₹339","₹392","Out of Stock","","https://cdn.grofers.com/cdn-cgi/image/f=auto,fit=scale-down,q=70,metadata=none,w=270/da/cms-assets/cms/product/58d696e5-c9a0-446e-9166-c9931bd0ccd9.png",""
"1775684151-137","https://blinkit.com/cn/home-office/car-bike-care/cid/1379/1415","Mobil Super Moto Engine Oil (20W-50 4T)","1 ltr","₹403","₹475","Out of Stock","","https://cdn.grofers.com/cdn-cgi/image/f=auto,fit=scale-down,q=70,metadata=none,w=270/da/cms-assets/cms/product/d4a4ae0b-1853-40c6-b96a-285e58579f7a.png","https://cdn.grofers.com/cdn-cgi/image/f=auto,fit=scale-down,q=70,metadata=none,w=90/assets/eta-icons/30-mins.png"
"1775684151-138","https://blinkit.com/cn/home-office/car-bike-care/cid/1379/1415","Mobil Super Moto Scooter Engine Oil 10W-30 4-AT","800 ml","₹339","₹392","Out of Stock","","https://cdn.grofers.com/cdn-cgi/image/f=auto,fit=scale-down,q=70,metadata=none,w=270/da/cms-assets/cms/product/58d696e5-c9a0-446e-9166-c9931bd0ccd9.png","https://cdn.grofers.com/cdn-cgi/image/f=auto,fit=scale-down,q=70,metadata=none,w=90/assets/eta-icons/30-mins.png"
