web_scraper_order,web_scraper_start_url,data,data2,data3,data4,data5,data6,data7,data8,image,image2
"1775584560-1","https://blinkit.com/cn/dairy-breakfast/cheese/cid/14/2253","Amul Cheese Slices","200 g","₹140","","","19 mins","ADD","2 options","https://cdn.grofers.com/cdn-cgi/image/f=auto,fit=scale-down,q=70,metadata=none,w=270/da/cms-assets/cms/product/a501e65f-194b-4db2-abc9-6b7bb515349c.png","https://cdn.grofers.com/cdn-cgi/image/f=auto,fit=scale-down,q=70,metadata=none,w=90/assets/eta-icons/30-mins.png"
"1775584560-2","https://blinkit.com/cn/dairy-breakfast/cheese/cid/14/2253","Amul Cheese Cubes","200 g","₹130","","","19 mins","ADD","","https://cdn.grofers.com/cdn-cgi/image/f=auto,fit=scale-down,q=70,metadata=none,w=270/da/cms-assets/cms/product/52377f0e-2ee1-4d3f-a0d6-f34934b71f0f.png","https://cdn.grofers.com/cdn-cgi/image/f=auto,fit=scale-down,q=70,metadata=none,w=90/assets/eta-icons/30-mins.png"
"1775584560-3","https://blinkit.com/cn/dairy-breakfast/cheese/cid/14/2253","Amul Blend Diced Cheese","200 g","₹125","","","19 mins","ADD","","https://cdn.grofers.com/cdn-cgi/image/f=auto,fit=scale-down,q=70,metadata=none,w=270/da/cms-assets/cms/product/dfa345bf-052e-4657-ae4f-859bfe45fecf.png","https://cdn.grofers.com/cdn-cgi/image/f=auto,fit=scale-down,q=70,metadata=none,w=90/assets/eta-icons/30-mins.png"
"1775584560-4","https://blinkit.com/cn/dairy-breakfast/cheese/cid/14/2253","D'lecta Shredded Mozzarella Shredded Cheese","140 g","₹89","₹109","18%
OFF","19 mins","ADD","2 options","https://cdn.grofers.com/cdn-cgi/image/f=auto,fit=scale-down,q=70,metadata=none,w=270/da/cms-assets/cms/product/a9934250-8c84-4c9c-acef-be05b2d5f710.png","https://cdn.grofers.com/cdn-cgi/image/f=auto,fit=scale-down,q=70,metadata=none,w=90/assets/eta-icons/30-mins.png"
"1775584560-5","https://blinkit.com/cn/dairy-breakfast/cheese/cid/14/2253","D'lecta 100% Mozzarella Pizza Cheese Block","200 g","₹120","₹155","22%
OFF","19 mins","ADD","","https://cdn.grofers.com/cdn-cgi/image/f=auto,fit=scale-down,q=70,metadata=none,w=270/da/cms-assets/cms/product/c2a4e78b-c89a-4ea6-a7f2-751a18dcf453.png","https://cdn.grofers.com/cdn-cgi/image/f=auto,fit=scale-down,q=70,metadata=none,w=90/assets/eta-icons/30-mins.png"
"1775584560-6","https://blinkit.com/cn/dairy-breakfast/cheese/cid/14/2253","D'lecta Processed Cheese Slices","200 g","₹126","₹180","30%
OFF","19 mins","ADD","","https://cdn.grofers.com/cdn-cgi/image/f=auto,fit=scale-down,q=70,metadata=none,w=270/da/cms-assets/cms/product/5ff18b5d-01c1-4abe-acb1-92976ea99077.png","https://cdn.grofers.com/cdn-cgi/image/f=auto,fit=scale-down,q=70,metadata=none,w=90/assets/eta-icons/30-mins.png"
"1775584560-7","https://blinkit.com/cn/dairy-breakfast/cheese/cid/14/2253","Amul Yummy Plain Cheese Spread","200 g","₹109","","","19 mins","ADD","2 options","https://cdn.grofers.com/cdn-cgi/image/f=auto,fit=scale-down,q=70,metadata=none,w=270/da/cms-assets/cms/product/d8ee0b72-3ada-4218-a1df-10efd53a11b4.png","https://cdn.grofers.com/cdn-cgi/image/f=auto,fit=scale-down,q=70,metadata=none,w=90/assets/eta-icons/30-mins.png"
"1775584560-8","https://blinkit.com/cn/dairy-breakfast/cheese/cid/14/2253","Britannia Laughing Cow Cheese Slices (180 g)","180 g","₹114","₹137","16%
OFF","19 mins","ADD","","https://cdn.grofers.com/cdn-cgi/image/f=auto,fit=scale-down,q=70,metadata=none,w=270/da/cms-assets/cms/product/rc-upload-1773386521983-4.png","https://cdn.grofers.com/cdn-cgi/image/f=auto,fit=scale-down,q=70,metadata=none,w=90/assets/eta-icons/30-mins.png"
"1775584560-9","https://blinkit.com/cn/dairy-breakfast/cheese/cid/14/2253","Go Cheese Slices","200 g","₹138","₹210","34%
OFF","19 mins","ADD","2 options","https://cdn.grofers.com/cdn-cgi/image/f=auto,fit=scale-down,q=70,metadata=none,w=270/da/cms-assets/cms/product/9a3fef25-fb6a-4d16-93a1-44d1ccb20a58.png","https://cdn.grofers.com/cdn-cgi/image/f=auto,fit=scale-down,q=70,metadata=none,w=90/assets/eta-icons/30-mins.png"
"1775584560-10","https://blinkit.com/cn/dairy-breakfast/cheese/cid/14/2253","Go Cheese Pizza Mozzarella & Cheddar Diced Cheese","200 g","₹125","₹159","21%
OFF","19 mins","ADD","","https://cdn.grofers.com/cdn-cgi/image/f=auto,fit=scale-down,q=70,metadata=none,w=270/da/cms-assets/cms/product/aff754e1-ab24-44d9-bfcf-71b61afde432.png","https://cdn.grofers.com/cdn-cgi/image/f=auto,fit=scale-down,q=70,metadata=none,w=90/assets/eta-icons/30-mins.png"
"1775584560-11","https://blinkit.com/cn/dairy-breakfast/cheese/cid/14/2253","Britannia Laughing Cow Cheese Slices (90 g)","90 g","₹75","","","19 mins","ADD","2 options","https://cdn.grofers.com/cdn-cgi/image/f=auto,fit=scale-down,q=70,metadata=none,w=270/da/cms-assets/cms/product/rc-upload-1773386521983-51.png","https://cdn.grofers.com/cdn-cgi/image/f=auto,fit=scale-down,q=70,metadata=none,w=90/assets/eta-icons/30-mins.png"
"1775584560-12","https://blinkit.com/cn/dairy-breakfast/cheese/cid/14/2253","Amul Cheese Block","200 g","₹125","","","19 mins","ADD","3 options","https://cdn.grofers.com/cdn-cgi/image/f=auto,fit=scale-down,q=70,metadata=none,w=270/da/cms-assets/cms/product/9f38c0e4-aa9b-445f-8563-f91e40d69938.png","https://cdn.grofers.com/cdn-cgi/image/f=auto,fit=scale-down,q=70,metadata=none,w=90/assets/eta-icons/30-mins.png"
"1775584560-13","https://blinkit.com/cn/dairy-breakfast/cheese/cid/14/2253","D'lecta Chilli Cheese Slices","200 g","₹124","₹165","24%
OFF","19 mins","ADD","","",""
"1775584560-14","https://blinkit.com/cn/dairy-breakfast/cheese/cid/14/2253","D'lecta 100% Cheddar Cheese Slices","200 g","₹199","₹209","","19 mins","ADD","","",""
"1775584560-15","https://blinkit.com/cn/dairy-breakfast/cheese/cid/14/2253","D'lecta Natural Feta Cheese Block","100 g","₹110","₹115","","19 mins","ADD","","",""
"1775584560-16","https://blinkit.com/cn/dairy-breakfast/cheese/cid/14/2253","Britannia Laughing Cow Cheese Cubes","200 g","₹115","₹130","11%
OFF","19 mins","ADD","2 options","",""
"1775584560-17","https://blinkit.com/cn/dairy-breakfast/cheese/cid/14/2253","D'lecta Cream Cheese","150 g","₹180","₹189","","19 mins","ADD","2 options","",""
"1775584560-18","https://blinkit.com/cn/dairy-breakfast/cheese/cid/14/2253","Mother Dairy Cheese Cubes","180 g","₹108","₹135","20%
OFF","19 mins","ADD","2 options","",""
"1775584560-19","https://blinkit.com/cn/dairy-breakfast/cheese/cid/14/2253","Mother Dairy Cheese Slices","200 g","₹128","₹160","20%
OFF","19 mins","ADD","2 options","",""
"1775584560-20","https://blinkit.com/cn/dairy-breakfast/cheese/cid/14/2253","Go Cheese Four Shredded Cheese","200 g","₹135","₹170","20%
OFF","19 mins","ADD","","",""
"1775584560-21","https://blinkit.com/cn/dairy-breakfast/cheese/cid/14/2253","Amul Pizza Mozzarella Diced Cheese","1 kg","₹530","","","19 mins","ADD","","",""
"1775584560-22","https://blinkit.com/cn/dairy-breakfast/cheese/cid/14/2253","Amul Cream Cheese","180 g","₹118","","","19 mins","ADD","","",""
"1775584560-23","https://blinkit.com/cn/dairy-breakfast/cheese/cid/14/2253","D'lecta Cheese Cubes (10 cubes)","200 g","₹128","₹165","22%
OFF","19 mins","ADD","","",""
"1775584560-24","https://blinkit.com/cn/dairy-breakfast/cheese/cid/14/2253","D'lecta Processed Cheese Spread - Improved Recipe","150 g","₹75","₹99","24%
OFF","19 mins","ADD","","",""
"1775584560-25","https://blinkit.com/cn/dairy-breakfast/cheese/cid/14/2253","Mother Dairy Creamy Plain Cheese Spread","180 g","₹88","₹110","20%
OFF","19 mins","ADD","2 options","",""
"1775584560-26","https://blinkit.com/cn/dairy-breakfast/cheese/cid/14/2253","D'lecta Processed Cheese Slices (400 g)","400 g","₹245","₹350","30%
OFF","19 mins","ADD","","",""
"1775584560-27","https://blinkit.com/cn/dairy-breakfast/cheese/cid/14/2253","Go Mozzarella Cheese Block","200 g","₹99","₹140","29%
OFF","19 mins","ADD","2 options","",""
"1775584560-28","https://blinkit.com/cn/dairy-breakfast/cheese/cid/14/2253","Britannia Laughing Cow Creamy Cheese Triangle","120 g","₹107","₹127","15%
OFF","19 mins","ADD","2 options","",""
"1775584560-29","https://blinkit.com/cn/dairy-breakfast/cheese/cid/14/2253","Go Olive & Herbs Cheese Spread","200 g","₹85","₹115","26%
OFF","19 mins","ADD","2 options","",""
"1775584560-30","https://blinkit.com/cn/dairy-breakfast/cheese/cid/14/2253","D'lecta Processed Cheese Block","200 g","₹119","₹170","30%
OFF","19 mins","ADD","","",""
"1775584560-31","https://blinkit.com/cn/dairy-breakfast/cheese/cid/14/2253","D'lecta Chilli Cheese Slices","200 g","₹124","₹165","24%
OFF","19 mins","ADD","","https://cdn.grofers.com/cdn-cgi/image/f=auto,fit=scale-down,q=70,metadata=none,w=270/da/cms-assets/cms/product/db79d525-d235-4570-821a-adfa632190ee.png","https://cdn.grofers.com/cdn-cgi/image/f=auto,fit=scale-down,q=70,metadata=none,w=90/assets/eta-icons/30-mins.png"
"1775584560-32","https://blinkit.com/cn/dairy-breakfast/cheese/cid/14/2253","D'lecta 100% Cheddar Cheese Slices","200 g","₹199","₹209","","19 mins","ADD","","https://cdn.grofers.com/cdn-cgi/image/f=auto,fit=scale-down,q=70,metadata=none,w=270/da/cms-assets/cms/product/91aa3941-2778-47c3-ac2f-d9c71edbbbef.png","https://cdn.grofers.com/cdn-cgi/image/f=auto,fit=scale-down,q=70,metadata=none,w=90/assets/eta-icons/30-mins.png"
"1775584560-33","https://blinkit.com/cn/dairy-breakfast/cheese/cid/14/2253","D'lecta Natural Feta Cheese Block","100 g","₹110","₹115","","19 mins","ADD","","https://cdn.grofers.com/cdn-cgi/image/f=auto,fit=scale-down,q=70,metadata=none,w=270/da/cms-assets/cms/product/dfcd32d3-5112-47a5-b211-eb0ade6791d8.png","https://cdn.grofers.com/cdn-cgi/image/f=auto,fit=scale-down,q=70,metadata=none,w=90/assets/eta-icons/30-mins.png"
"1775584560-34","https://blinkit.com/cn/dairy-breakfast/cheese/cid/14/2253","Britannia Laughing Cow Cheese Cubes","200 g","₹115","₹130","11%
OFF","19 mins","ADD","2 options","https://cdn.grofers.com/cdn-cgi/image/f=auto,fit=scale-down,q=70,metadata=none,w=270/da/cms-assets/cms/product/a013821d-6bd9-4e28-8501-088cbf05b92f.png","https://cdn.grofers.com/cdn-cgi/image/f=auto,fit=scale-down,q=70,metadata=none,w=90/assets/eta-icons/30-mins.png"
"1775584560-35","https://blinkit.com/cn/dairy-breakfast/cheese/cid/14/2253","D'lecta Cream Cheese","150 g","₹180","₹189","","19 mins","ADD","2 options","https://cdn.grofers.com/cdn-cgi/image/f=auto,fit=scale-down,q=70,metadata=none,w=270/da/cms-assets/cms/product/847921f4-2548-45ba-89b1-8c0dbcbc5566.png","https://cdn.grofers.com/cdn-cgi/image/f=auto,fit=scale-down,q=70,metadata=none,w=90/assets/eta-icons/30-mins.png"
"1775584560-36","https://blinkit.com/cn/dairy-breakfast/cheese/cid/14/2253","Mother Dairy Cheese Cubes","180 g","₹108","₹135","20%
OFF","19 mins","ADD","2 options","https://cdn.grofers.com/cdn-cgi/image/f=auto,fit=scale-down,q=70,metadata=none,w=270/da/cms-assets/cms/product/5cf6ddcb-a999-4322-bf65-42f61e3ad8b5.png","https://cdn.grofers.com/cdn-cgi/image/f=auto,fit=scale-down,q=70,metadata=none,w=90/assets/eta-icons/30-mins.png"
"1775584560-37","https://blinkit.com/cn/dairy-breakfast/cheese/cid/14/2253","Mother Dairy Cheese Slices","200 g","₹128","₹160","20%
OFF","19 mins","ADD","2 options","https://cdn.grofers.com/cdn-cgi/image/f=auto,fit=scale-down,q=70,metadata=none,w=270/da/cms-assets/cms/product/d2e4df06-adaf-4636-a424-7cd17bf33c3d.png","https://cdn.grofers.com/cdn-cgi/image/f=auto,fit=scale-down,q=70,metadata=none,w=90/assets/eta-icons/30-mins.png"
"1775584560-38","https://blinkit.com/cn/dairy-breakfast/cheese/cid/14/2253","Go Cheese Four Shredded Cheese","200 g","₹135","₹170","20%
OFF","19 mins","ADD","","https://cdn.grofers.com/cdn-cgi/image/f=auto,fit=scale-down,q=70,metadata=none,w=270/da/cms-assets/cms/product/6509a817-269a-46d3-b778-cab8e1c6d6f8.png","https://cdn.grofers.com/cdn-cgi/image/f=auto,fit=scale-down,q=70,metadata=none,w=90/assets/eta-icons/30-mins.png"
"1775584560-39","https://blinkit.com/cn/dairy-breakfast/cheese/cid/14/2253","Amul Pizza Mozzarella Diced Cheese","1 kg","₹530","","","19 mins","ADD","","https://cdn.grofers.com/cdn-cgi/image/f=auto,fit=scale-down,q=70,metadata=none,w=270/da/cms-assets/cms/product/2fca118e-e770-4afc-9926-b1b304490888.png","https://cdn.grofers.com/cdn-cgi/image/f=auto,fit=scale-down,q=70,metadata=none,w=90/assets/eta-icons/30-mins.png"
"1775584560-40","https://blinkit.com/cn/dairy-breakfast/cheese/cid/14/2253","Amul Cream Cheese","180 g","₹118","","","19 mins","ADD","","https://cdn.grofers.com/cdn-cgi/image/f=auto,fit=scale-down,q=70,metadata=none,w=270/da/cms-assets/cms/product/8a167f4f-8392-4e5f-8dac-10d612faca17.png","https://cdn.grofers.com/cdn-cgi/image/f=auto,fit=scale-down,q=70,metadata=none,w=90/assets/eta-icons/30-mins.png"
"1775584560-41","https://blinkit.com/cn/dairy-breakfast/cheese/cid/14/2253","D'lecta Cheese Cubes (10 cubes)","200 g","₹128","₹165","22%
OFF","19 mins","ADD","","https://cdn.grofers.com/cdn-cgi/image/f=auto,fit=scale-down,q=70,metadata=none,w=270/da/cms-assets/cms/product/854d9d60-4c43-4591-bd43-2c9c2121ef84.png","https://cdn.grofers.com/cdn-cgi/image/f=auto,fit=scale-down,q=70,metadata=none,w=90/assets/eta-icons/30-mins.png"
"1775584560-42","https://blinkit.com/cn/dairy-breakfast/cheese/cid/14/2253","D'lecta Processed Cheese Spread - Improved Recipe","150 g","₹75","₹99","24%
OFF","19 mins","ADD","","https://cdn.grofers.com/cdn-cgi/image/f=auto,fit=scale-down,q=70,metadata=none,w=270/da/cms-assets/cms/product/0600bf10-a132-4afa-8235-c4b2ecc53b60.png","https://cdn.grofers.com/cdn-cgi/image/f=auto,fit=scale-down,q=70,metadata=none,w=90/assets/eta-icons/30-mins.png"
"1775584560-43","https://blinkit.com/cn/dairy-breakfast/cheese/cid/14/2253","Mother Dairy Creamy Plain Cheese Spread","180 g","₹88","₹110","20%
OFF","19 mins","ADD","2 options","https://cdn.grofers.com/cdn-cgi/image/f=auto,fit=scale-down,q=70,metadata=none,w=270/da/cms-assets/cms/product/80a94419-0f90-4a7f-83e6-3bf2f5db1542.png","https://cdn.grofers.com/cdn-cgi/image/f=auto,fit=scale-down,q=70,metadata=none,w=90/assets/eta-icons/30-mins.png"
"1775584560-44","https://blinkit.com/cn/dairy-breakfast/cheese/cid/14/2253","D'lecta Processed Cheese Slices (400 g)","400 g","₹245","₹350","30%
OFF","19 mins","ADD","","https://cdn.grofers.com/cdn-cgi/image/f=auto,fit=scale-down,q=70,metadata=none,w=270/da/cms-assets/cms/product/025ebe87-aea3-4d21-8f08-1c3aae912f32.png","https://cdn.grofers.com/cdn-cgi/image/f=auto,fit=scale-down,q=70,metadata=none,w=90/assets/eta-icons/30-mins.png"
"1775584560-45","https://blinkit.com/cn/dairy-breakfast/cheese/cid/14/2253","Go Mozzarella Cheese Block","200 g","₹99","₹140","29%
OFF","19 mins","ADD","2 options","https://cdn.grofers.com/cdn-cgi/image/f=auto,fit=scale-down,q=70,metadata=none,w=270/da/cms-assets/cms/product/71860d35-abf8-4522-829e-3fef80131b92.png","https://cdn.grofers.com/cdn-cgi/image/f=auto,fit=scale-down,q=70,metadata=none,w=90/assets/eta-icons/30-mins.png"
"1775584560-46","https://blinkit.com/cn/dairy-breakfast/cheese/cid/14/2253","Britannia Laughing Cow Creamy Cheese Triangle","120 g","₹107","₹127","15%
OFF","19 mins","ADD","2 options","https://cdn.grofers.com/cdn-cgi/image/f=auto,fit=scale-down,q=70,metadata=none,w=270/da/cms-assets/cms/product/rc-upload-1770354074420-250.png","https://cdn.grofers.com/cdn-cgi/image/f=auto,fit=scale-down,q=70,metadata=none,w=90/assets/eta-icons/30-mins.png"
"1775584560-47","https://blinkit.com/cn/dairy-breakfast/cheese/cid/14/2253","Go Olive & Herbs Cheese Spread","200 g","₹85","₹115","26%
OFF","19 mins","ADD","2 options","https://cdn.grofers.com/cdn-cgi/image/f=auto,fit=scale-down,q=70,metadata=none,w=270/da/cms-assets/cms/product/e71ee47f-68de-42a0-9418-3a961abc9e26.png","https://cdn.grofers.com/cdn-cgi/image/f=auto,fit=scale-down,q=70,metadata=none,w=90/assets/eta-icons/30-mins.png"
"1775584560-48","https://blinkit.com/cn/dairy-breakfast/cheese/cid/14/2253","D'lecta Processed Cheese Block","200 g","₹119","₹170","30%
OFF","19 mins","ADD","","https://cdn.grofers.com/cdn-cgi/image/f=auto,fit=scale-down,q=70,metadata=none,w=270/da/cms-assets/cms/product/a933df2a-7993-4891-a88b-42b0f4fa2d8d.png","https://cdn.grofers.com/cdn-cgi/image/f=auto,fit=scale-down,q=70,metadata=none,w=90/assets/eta-icons/30-mins.png"
"1775584560-49","https://blinkit.com/cn/dairy-breakfast/cheese/cid/14/2253","Britannia Laughing Cow Cheese Slices","400 g","₹245","₹460","46%
OFF","19 mins","ADD","","https://cdn.grofers.com/cdn-cgi/image/f=auto,fit=scale-down,q=70,metadata=none,w=270/da/cms-assets/cms/product/rc-upload-1773386521983-73.png","https://cdn.grofers.com/cdn-cgi/image/f=auto,fit=scale-down,q=70,metadata=none,w=90/assets/eta-icons/30-mins.png"
"1775584560-50","https://blinkit.com/cn/dairy-breakfast/cheese/cid/14/2253","D'lecta 100% Cheddar Cheese Block","200 g","₹190","₹199","","19 mins","ADD","","https://cdn.grofers.com/cdn-cgi/image/f=auto,fit=scale-down,q=70,metadata=none,w=270/da/cms-assets/cms/product/49b65e1b-9eca-460b-89cf-716ff1430f56.png","https://cdn.grofers.com/cdn-cgi/image/f=auto,fit=scale-down,q=70,metadata=none,w=90/assets/eta-icons/30-mins.png"
"1775584560-51","https://blinkit.com/cn/dairy-breakfast/cheese/cid/14/2253","D'lecta Cream Cheese (400 g)","400 g","₹342","₹360","5%
OFF","19 mins","ADD","","https://cdn.grofers.com/cdn-cgi/image/f=auto,fit=scale-down,q=70,metadata=none,w=270/da/cms-assets/cms/product/e112f6ce-c1c8-4d07-ae94-1d6e40bb5025.png","https://cdn.grofers.com/cdn-cgi/image/f=auto,fit=scale-down,q=70,metadata=none,w=90/assets/eta-icons/30-mins.png"
"1775584560-52","https://blinkit.com/cn/dairy-breakfast/cheese/cid/14/2253","Amul Traditional Greek Feta Cheese Block","250 g","₹170","","","19 mins","ADD","","https://cdn.grofers.com/cdn-cgi/image/f=auto,fit=scale-down,q=70,metadata=none,w=270/da/cms-assets/cms/product/65634688-18b0-45eb-9013-8a76fd4cc8e5.png","https://cdn.grofers.com/cdn-cgi/image/f=auto,fit=scale-down,q=70,metadata=none,w=90/assets/eta-icons/30-mins.png"
"1775584560-53","https://blinkit.com/cn/dairy-breakfast/cheese/cid/14/2253","D'lecta Feta Cheese Block - Rich in Protein","250 g","₹200","₹235","14%
OFF","19 mins","ADD","","https://cdn.grofers.com/cdn-cgi/image/f=auto,fit=scale-down,q=70,metadata=none,w=270/da/cms-assets/cms/product/rc-upload-1770825494882-26.png","https://cdn.grofers.com/cdn-cgi/image/f=auto,fit=scale-down,q=70,metadata=none,w=90/assets/eta-icons/30-mins.png"
"1775584560-54","https://blinkit.com/cn/dairy-breakfast/cheese/cid/14/2253","D'lecta Mascarpone Cream Cheese","400 g","₹380","₹400","5%
OFF","19 mins","ADD","","https://cdn.grofers.com/cdn-cgi/image/f=auto,fit=scale-down,q=70,metadata=none,w=270/da/cms-assets/cms/product/4e1f2fd0-76a0-4bd7-a1cb-27a57ffdd5ec.png","https://cdn.grofers.com/cdn-cgi/image/f=auto,fit=scale-down,q=70,metadata=none,w=90/assets/eta-icons/30-mins.png"
"1775584560-55","https://blinkit.com/cn/dairy-breakfast/cheese/cid/14/2253","D'lecta Mozzarella Shredded Cheese - Shredded","500 g","₹297","₹330","10%
OFF","19 mins","ADD","2 options","",""
"1775584560-56","https://blinkit.com/cn/dairy-breakfast/cheese/cid/14/2253","Go Four Pepper Cheese Spread","200 g","₹85","₹115","26%
OFF","19 mins","ADD","2 options","",""
"1775584560-57","https://blinkit.com/cn/dairy-breakfast/cheese/cid/14/2253","Go Plain Cheese Spread","200 g","₹85","₹115","26%
OFF","19 mins","ADD","2 options","",""
"1775584560-58","https://blinkit.com/cn/dairy-breakfast/cheese/cid/14/2253","Amul Gouda Cheese Block","250 g","₹214","₹235","8%
OFF","19 mins","ADD","","",""
"1775584560-59","https://blinkit.com/cn/dairy-breakfast/cheese/cid/14/2253","Britannia Laughing Cow Cheese Block with Mozzarella","200 g","₹113","₹127","11%
OFF","19 mins","ADD","2 options","",""
"1775584560-60","https://blinkit.com/cn/dairy-breakfast/cheese/cid/14/2253","Go Jalapeno Cheese Spread","200 g","₹85","₹115","26%
OFF","19 mins","ADD","","",""
"1775584560-61","https://blinkit.com/cn/dairy-breakfast/cheese/cid/14/2253","Amul Edam Traditional Dutch Cheese Block 250 g","250 g","₹188","₹205","8%
OFF","19 mins","ADD","","",""
"1775584560-62","https://blinkit.com/cn/dairy-breakfast/cheese/cid/14/2253","Go Squares Processed Cheese Cubes","200 g","₹115","₹155","25%
OFF","19 mins","ADD","","",""
"1775584560-63","https://blinkit.com/cn/dairy-breakfast/cheese/cid/14/2253","D'lecta Parmesan Extra Hard Cheese Block","100 g","₹350","","","19 mins","ADD","","",""
"1775584560-64","https://blinkit.com/cn/dairy-breakfast/cheese/cid/14/2253","Go Mozzarella Diced Cheese","500 g","₹280","₹340","17%
OFF","19 mins","ADD","","",""
"1775584560-65","https://blinkit.com/cn/dairy-breakfast/cheese/cid/14/2253","Go Pizza Cheese Block","200 g","₹115","₹185","37%
OFF","19 mins","ADD","","",""
"1775584560-66","https://blinkit.com/cn/dairy-breakfast/cheese/cid/14/2253","D'lecta Strawberry Flavour Cream Cheese","150 g","₹180","₹189","","19 mins","ADD","","",""
"1775584560-67","https://blinkit.com/cn/dairy-breakfast/cheese/cid/14/2253","Amul Cheddar Diced Cheese","1 kg","₹506","₹550","8%
OFF","19 mins","ADD","","",""
"1775584560-68","https://blinkit.com/cn/dairy-breakfast/cheese/cid/14/2253","D'lecta Italian Grated Cheese","80 g","₹399","","","19 mins","ADD","","",""
"1775584560-69","https://blinkit.com/cn/dairy-breakfast/cheese/cid/14/2253","Old Hill Parmesan Cheese Block","100 g","₹340","","","30 mins","ADD","","",""
"1775584560-70","https://blinkit.com/cn/dairy-breakfast/cheese/cid/14/2253","Old Hill Parmesan Cheese Block (Extra Hard)","200 g","₹555","","","30 mins","ADD","","",""
"1775584560-71","https://blinkit.com/cn/dairy-breakfast/cheese/cid/14/2253","Old Hill Red Cheddar Cheese Block","200 g","₹425","","","30 mins","ADD","","",""
"1775584560-72","https://blinkit.com/cn/dairy-breakfast/cheese/cid/14/2253","Amezo Edam Cheese Block","200 g","₹475","₹550","13%
OFF","30 mins","ADD","","",""
"1775584560-73","https://blinkit.com/cn/dairy-breakfast/cheese/cid/14/2253","Amezo Black Pepper Gouda Cheese Block","200 g","₹475","₹550","13%
OFF","30 mins","ADD","","",""
"1775584560-74","https://blinkit.com/cn/dairy-breakfast/cheese/cid/14/2253","Amezo Artisanal Young Cheddar Cheese Block","200 g","₹475","₹550","13%
OFF","30 mins","ADD","","",""
"1775584560-75","https://blinkit.com/cn/dairy-breakfast/cheese/cid/14/2253","Amul A+ Cheese Slices","200 g","₹120","₹170","Out of Stock","19 mins","","","",""
"1775584560-76","https://blinkit.com/cn/dairy-breakfast/cheese/cid/14/2253","Amul Spicy Garlic Cheese Spread","200 g","₹109","","Out of Stock","19 mins","","","",""
"1775584560-77","https://blinkit.com/cn/dairy-breakfast/cheese/cid/14/2253","Amul Cheddar Cheese Block","250 g","₹175","₹180","Out of Stock","19 mins","","","",""
"1775584560-78","https://blinkit.com/cn/dairy-breakfast/cheese/cid/14/2253","Amul Red Chilli Flakes Cheese Spread","200 g","₹109","","Out of Stock","19 mins","","","",""
"1775584560-79","https://blinkit.com/cn/dairy-breakfast/cheese/cid/14/2253","D'lecta Mozzarella Shredded Cheese - Shredded","500 g","₹297","₹330","10%
OFF","19 mins","ADD","2 options","https://cdn.grofers.com/cdn-cgi/image/f=auto,fit=scale-down,q=70,metadata=none,w=270/da/cms-assets/cms/product/3aa2842d-466f-4d0e-a88e-79e8ceabc7ba.png","https://cdn.grofers.com/cdn-cgi/image/f=auto,fit=scale-down,q=70,metadata=none,w=90/assets/eta-icons/30-mins.png"
"1775584560-80","https://blinkit.com/cn/dairy-breakfast/cheese/cid/14/2253","Go Four Pepper Cheese Spread","200 g","₹85","₹115","26%
OFF","19 mins","ADD","2 options","https://cdn.grofers.com/cdn-cgi/image/f=auto,fit=scale-down,q=70,metadata=none,w=270/da/cms-assets/cms/product/d657ac0c-19f5-4b89-802f-63dd0907838b.png","https://cdn.grofers.com/cdn-cgi/image/f=auto,fit=scale-down,q=70,metadata=none,w=90/assets/eta-icons/30-mins.png"
"1775584560-81","https://blinkit.com/cn/dairy-breakfast/cheese/cid/14/2253","Go Plain Cheese Spread","200 g","₹85","₹115","26%
OFF","19 mins","ADD","2 options","https://cdn.grofers.com/cdn-cgi/image/f=auto,fit=scale-down,q=70,metadata=none,w=270/da/cms-assets/cms/product/b909b779-f9fe-4c7f-9806-9d9b38d1a87f.png","https://cdn.grofers.com/cdn-cgi/image/f=auto,fit=scale-down,q=70,metadata=none,w=90/assets/eta-icons/30-mins.png"
"1775584560-82","https://blinkit.com/cn/dairy-breakfast/cheese/cid/14/2253","Amul Gouda Cheese Block","250 g","₹214","₹235","8%
OFF","19 mins","ADD","","https://cdn.grofers.com/cdn-cgi/image/f=auto,fit=scale-down,q=70,metadata=none,w=270/da/cms-assets/cms/product/6a12f3fa-547d-46d7-ae8b-c7255488fad8.png","https://cdn.grofers.com/cdn-cgi/image/f=auto,fit=scale-down,q=70,metadata=none,w=90/assets/eta-icons/30-mins.png"
"1775584560-83","https://blinkit.com/cn/dairy-breakfast/cheese/cid/14/2253","Britannia Laughing Cow Cheese Block with Mozzarella","200 g","₹113","₹127","11%
OFF","19 mins","ADD","2 options","https://cdn.grofers.com/cdn-cgi/image/f=auto,fit=scale-down,q=70,metadata=none,w=270/da/cms-assets/cms/product/rc-upload-1773386521983-15.png","https://cdn.grofers.com/cdn-cgi/image/f=auto,fit=scale-down,q=70,metadata=none,w=90/assets/eta-icons/30-mins.png"
"1775584560-84","https://blinkit.com/cn/dairy-breakfast/cheese/cid/14/2253","Go Jalapeno Cheese Spread","200 g","₹85","₹115","26%
OFF","19 mins","ADD","","https://cdn.grofers.com/cdn-cgi/image/f=auto,fit=scale-down,q=70,metadata=none,w=270/da/cms-assets/cms/product/f2a53f51-f9fa-4c28-995f-ce69b5e73935.png","https://cdn.grofers.com/cdn-cgi/image/f=auto,fit=scale-down,q=70,metadata=none,w=90/assets/eta-icons/30-mins.png"
"1775584560-85","https://blinkit.com/cn/dairy-breakfast/cheese/cid/14/2253","Amul Edam Traditional Dutch Cheese Block 250 g","250 g","₹188","₹205","8%
OFF","19 mins","ADD","","https://cdn.grofers.com/cdn-cgi/image/f=auto,fit=scale-down,q=70,metadata=none,w=270/da/cms-assets/cms/product/8c9eb533-3447-4b61-9cbb-7b0fe448df0a.png",""
"1775584560-86","https://blinkit.com/cn/dairy-breakfast/cheese/cid/14/2253","Go Squares Processed Cheese Cubes","200 g","₹115","₹155","25%
OFF","19 mins","ADD","","https://cdn.grofers.com/cdn-cgi/image/f=auto,fit=scale-down,q=70,metadata=none,w=270/da/cms-assets/cms/product/ace541ba-a81f-4476-93ac-1cb1075a4000.png",""
"1775584560-87","https://blinkit.com/cn/dairy-breakfast/cheese/cid/14/2253","D'lecta Parmesan Extra Hard Cheese Block","100 g","₹350","","","19 mins","ADD","","https://cdn.grofers.com/cdn-cgi/image/f=auto,fit=scale-down,q=70,metadata=none,w=270/da/cms-assets/cms/product/441f1f25-5ffb-47d2-820d-434040d97efc.png",""
"1775584560-88","https://blinkit.com/cn/dairy-breakfast/cheese/cid/14/2253","Go Mozzarella Diced Cheese","500 g","₹280","₹340","17%
OFF","19 mins","ADD","","https://cdn.grofers.com/cdn-cgi/image/f=auto,fit=scale-down,q=70,metadata=none,w=270/da/cms-assets/cms/product/87dfbf24-1cef-442a-874e-5471141826c0.png",""
"1775584560-89","https://blinkit.com/cn/dairy-breakfast/cheese/cid/14/2253","Go Pizza Cheese Block","200 g","₹115","₹185","37%
OFF","19 mins","ADD","","https://cdn.grofers.com/cdn-cgi/image/f=auto,fit=scale-down,q=70,metadata=none,w=270/da/cms-assets/cms/product/380cda4a-df00-4c0a-b841-fa4cd22ac611.png",""
"1775584560-90","https://blinkit.com/cn/dairy-breakfast/cheese/cid/14/2253","D'lecta Strawberry Flavour Cream Cheese","150 g","₹180","₹189","","19 mins","ADD","","https://cdn.grofers.com/cdn-cgi/image/f=auto,fit=scale-down,q=70,metadata=none,w=270/da/cms-assets/cms/product/0faa23e6-3a82-48ed-ae00-178451ecba60.png",""
"1775584560-91","https://blinkit.com/cn/dairy-breakfast/cheese/cid/14/2253","Amul Edam Traditional Dutch Cheese Block 250 g","250 g","₹188","₹205","8%
OFF","19 mins","ADD","","https://cdn.grofers.com/cdn-cgi/image/f=auto,fit=scale-down,q=70,metadata=none,w=270/da/cms-assets/cms/product/8c9eb533-3447-4b61-9cbb-7b0fe448df0a.png","https://cdn.grofers.com/cdn-cgi/image/f=auto,fit=scale-down,q=70,metadata=none,w=90/assets/eta-icons/30-mins.png"
"1775584560-92","https://blinkit.com/cn/dairy-breakfast/cheese/cid/14/2253","Go Squares Processed Cheese Cubes","200 g","₹115","₹155","25%
OFF","19 mins","ADD","","https://cdn.grofers.com/cdn-cgi/image/f=auto,fit=scale-down,q=70,metadata=none,w=270/da/cms-assets/cms/product/ace541ba-a81f-4476-93ac-1cb1075a4000.png","https://cdn.grofers.com/cdn-cgi/image/f=auto,fit=scale-down,q=70,metadata=none,w=90/assets/eta-icons/30-mins.png"
"1775584560-93","https://blinkit.com/cn/dairy-breakfast/cheese/cid/14/2253","D'lecta Parmesan Extra Hard Cheese Block","100 g","₹350","","","19 mins","ADD","","https://cdn.grofers.com/cdn-cgi/image/f=auto,fit=scale-down,q=70,metadata=none,w=270/da/cms-assets/cms/product/441f1f25-5ffb-47d2-820d-434040d97efc.png","https://cdn.grofers.com/cdn-cgi/image/f=auto,fit=scale-down,q=70,metadata=none,w=90/assets/eta-icons/30-mins.png"
"1775584560-94","https://blinkit.com/cn/dairy-breakfast/cheese/cid/14/2253","Go Mozzarella Diced Cheese","500 g","₹280","₹340","17%
OFF","19 mins","ADD","","https://cdn.grofers.com/cdn-cgi/image/f=auto,fit=scale-down,q=70,metadata=none,w=270/da/cms-assets/cms/product/87dfbf24-1cef-442a-874e-5471141826c0.png","https://cdn.grofers.com/cdn-cgi/image/f=auto,fit=scale-down,q=70,metadata=none,w=90/assets/eta-icons/30-mins.png"
"1775584560-95","https://blinkit.com/cn/dairy-breakfast/cheese/cid/14/2253","Go Pizza Cheese Block","200 g","₹115","₹185","37%
OFF","19 mins","ADD","","https://cdn.grofers.com/cdn-cgi/image/f=auto,fit=scale-down,q=70,metadata=none,w=270/da/cms-assets/cms/product/380cda4a-df00-4c0a-b841-fa4cd22ac611.png","https://cdn.grofers.com/cdn-cgi/image/f=auto,fit=scale-down,q=70,metadata=none,w=90/assets/eta-icons/30-mins.png"
"1775584560-96","https://blinkit.com/cn/dairy-breakfast/cheese/cid/14/2253","D'lecta Strawberry Flavour Cream Cheese","150 g","₹180","₹189","","19 mins","ADD","","https://cdn.grofers.com/cdn-cgi/image/f=auto,fit=scale-down,q=70,metadata=none,w=270/da/cms-assets/cms/product/0faa23e6-3a82-48ed-ae00-178451ecba60.png","https://cdn.grofers.com/cdn-cgi/image/f=auto,fit=scale-down,q=70,metadata=none,w=90/assets/eta-icons/30-mins.png"
"1775584560-97","https://blinkit.com/cn/dairy-breakfast/cheese/cid/14/2253","Amul Cheddar Diced Cheese","1 kg","₹506","₹550","8%
OFF","19 mins","ADD","","https://cdn.grofers.com/cdn-cgi/image/f=auto,fit=scale-down,q=70,metadata=none,w=270/da/cms-assets/cms/product/d4d335b7-749c-400a-b130-b9becfa0922d.png","https://cdn.grofers.com/cdn-cgi/image/f=auto,fit=scale-down,q=70,metadata=none,w=90/assets/eta-icons/30-mins.png"
"1775584560-98","https://blinkit.com/cn/dairy-breakfast/cheese/cid/14/2253","D'lecta Italian Grated Cheese","80 g","₹399","","","19 mins","ADD","","https://cdn.grofers.com/cdn-cgi/image/f=auto,fit=scale-down,q=70,metadata=none,w=270/da/cms-assets/cms/product/0ae1e3da-0d5d-4210-b3df-c36e07b76791.png","https://cdn.grofers.com/cdn-cgi/image/f=auto,fit=scale-down,q=70,metadata=none,w=90/assets/eta-icons/30-mins.png"
"1775584560-99","https://blinkit.com/cn/dairy-breakfast/cheese/cid/14/2253","Old Hill Parmesan Cheese Block","100 g","₹340","","","30 mins","ADD","","https://cdn.grofers.com/cdn-cgi/image/f=auto,fit=scale-down,q=70,metadata=none,w=270/da/cms-assets/cms/product/ee564ae1-e17e-4523-bb2d-72933b36c57b.png","https://cdn.grofers.com/cdn-cgi/image/f=auto,fit=scale-down,q=70,metadata=none,w=90/assets/eta-icons/30-mins.png"
"1775584560-100","https://blinkit.com/cn/dairy-breakfast/cheese/cid/14/2253","Old Hill Parmesan Cheese Block (Extra Hard)","200 g","₹555","","","30 mins","ADD","","https://cdn.grofers.com/cdn-cgi/image/f=auto,fit=scale-down,q=70,metadata=none,w=270/da/cms-assets/cms/product/cbe0c21d-907e-434b-a815-725fd2869789.png","https://cdn.grofers.com/cdn-cgi/image/f=auto,fit=scale-down,q=70,metadata=none,w=90/assets/eta-icons/30-mins.png"
"1775584560-101","https://blinkit.com/cn/dairy-breakfast/cheese/cid/14/2253","Old Hill Red Cheddar Cheese Block","200 g","₹425","","","30 mins","ADD","","https://cdn.grofers.com/cdn-cgi/image/f=auto,fit=scale-down,q=70,metadata=none,w=270/da/cms-assets/cms/product/c65283d2-7e14-4a19-9c71-aa83287552d9.png","https://cdn.grofers.com/cdn-cgi/image/f=auto,fit=scale-down,q=70,metadata=none,w=90/assets/eta-icons/30-mins.png"
"1775584560-102","https://blinkit.com/cn/dairy-breakfast/cheese/cid/14/2253","Amezo Edam Cheese Block","200 g","₹475","₹550","13%
OFF","30 mins","ADD","","https://cdn.grofers.com/cdn-cgi/image/f=auto,fit=scale-down,q=70,metadata=none,w=270/da/cms-assets/cms/product/ea4c1478-0b12-45d1-b1ff-ab6da025c41f.png","https://cdn.grofers.com/cdn-cgi/image/f=auto,fit=scale-down,q=70,metadata=none,w=90/assets/eta-icons/30-mins.png"
"1775584560-103","https://blinkit.com/cn/dairy-breakfast/cheese/cid/14/2253","Amezo Black Pepper Gouda Cheese Block","200 g","₹475","₹550","13%
OFF","30 mins","ADD","","https://cdn.grofers.com/cdn-cgi/image/f=auto,fit=scale-down,q=70,metadata=none,w=270/da/cms-assets/cms/product/e50b1ac7-8ac0-40e2-a620-0cb1c51747ea.png",""
"1775584560-104","https://blinkit.com/cn/dairy-breakfast/cheese/cid/14/2253","Amezo Artisanal Young Cheddar Cheese Block","200 g","₹475","₹550","13%
OFF","30 mins","ADD","","https://cdn.grofers.com/cdn-cgi/image/f=auto,fit=scale-down,q=70,metadata=none,w=270/da/cms-assets/cms/product/448384be-315f-4bfc-b68f-713f171cf0c7.png",""
"1775584560-105","https://blinkit.com/cn/dairy-breakfast/cheese/cid/14/2253","Amul A+ Cheese Slices","200 g","₹120","₹170","Out of Stock","19 mins","","","https://cdn.grofers.com/cdn-cgi/image/f=auto,fit=scale-down,q=70,metadata=none,w=270/da/cms-assets/cms/product/4429b7f3-8554-44e6-bcca-ee05716d53ad.png",""
"1775584560-106","https://blinkit.com/cn/dairy-breakfast/cheese/cid/14/2253","Amul Spicy Garlic Cheese Spread","200 g","₹109","","Out of Stock","19 mins","","","https://cdn.grofers.com/cdn-cgi/image/f=auto,fit=scale-down,q=70,metadata=none,w=270/da/cms-assets/cms/product/04827d7f-dbbd-4881-8430-11842dfafc95.png",""
"1775584560-107","https://blinkit.com/cn/dairy-breakfast/cheese/cid/14/2253","Amul Cheddar Cheese Block","250 g","₹175","₹180","Out of Stock","19 mins","","","https://cdn.grofers.com/cdn-cgi/image/f=auto,fit=scale-down,q=70,metadata=none,w=270/da/cms-assets/cms/product/ffae4b3f-fecc-42d6-9546-555b9be4827b.png",""
"1775584560-108","https://blinkit.com/cn/dairy-breakfast/cheese/cid/14/2253","Amul Red Chilli Flakes Cheese Spread","200 g","₹109","","Out of Stock","19 mins","","","https://cdn.grofers.com/cdn-cgi/image/f=auto,fit=scale-down,q=70,metadata=none,w=270/da/cms-assets/cms/product/1774245c-f1ce-4d17-824e-a27819b78604.png",""
"1775584560-109","https://blinkit.com/cn/dairy-breakfast/cheese/cid/14/2253","Amezo Black Pepper Gouda Cheese Block","200 g","₹475","₹550","13%
OFF","30 mins","ADD","","https://cdn.grofers.com/cdn-cgi/image/f=auto,fit=scale-down,q=70,metadata=none,w=270/da/cms-assets/cms/product/e50b1ac7-8ac0-40e2-a620-0cb1c51747ea.png","https://cdn.grofers.com/cdn-cgi/image/f=auto,fit=scale-down,q=70,metadata=none,w=90/assets/eta-icons/30-mins.png"
"1775584560-110","https://blinkit.com/cn/dairy-breakfast/cheese/cid/14/2253","Amezo Artisanal Young Cheddar Cheese Block","200 g","₹475","₹550","13%
OFF","30 mins","ADD","","https://cdn.grofers.com/cdn-cgi/image/f=auto,fit=scale-down,q=70,metadata=none,w=270/da/cms-assets/cms/product/448384be-315f-4bfc-b68f-713f171cf0c7.png","https://cdn.grofers.com/cdn-cgi/image/f=auto,fit=scale-down,q=70,metadata=none,w=90/assets/eta-icons/30-mins.png"
"1775584560-111","https://blinkit.com/cn/dairy-breakfast/cheese/cid/14/2253","Amul A+ Cheese Slices","200 g","₹120","₹170","Out of Stock","19 mins","","","https://cdn.grofers.com/cdn-cgi/image/f=auto,fit=scale-down,q=70,metadata=none,w=270/da/cms-assets/cms/product/4429b7f3-8554-44e6-bcca-ee05716d53ad.png","https://cdn.grofers.com/cdn-cgi/image/f=auto,fit=scale-down,q=70,metadata=none,w=90/assets/eta-icons/30-mins.png"
"1775584560-112","https://blinkit.com/cn/dairy-breakfast/cheese/cid/14/2253","Amul Spicy Garlic Cheese Spread","200 g","₹109","","Out of Stock","19 mins","","","https://cdn.grofers.com/cdn-cgi/image/f=auto,fit=scale-down,q=70,metadata=none,w=270/da/cms-assets/cms/product/04827d7f-dbbd-4881-8430-11842dfafc95.png","https://cdn.grofers.com/cdn-cgi/image/f=auto,fit=scale-down,q=70,metadata=none,w=90/assets/eta-icons/30-mins.png"
"1775584560-113","https://blinkit.com/cn/dairy-breakfast/cheese/cid/14/2253","Amul Cheddar Cheese Block","250 g","₹175","₹180","Out of Stock","19 mins","","","https://cdn.grofers.com/cdn-cgi/image/f=auto,fit=scale-down,q=70,metadata=none,w=270/da/cms-assets/cms/product/ffae4b3f-fecc-42d6-9546-555b9be4827b.png","https://cdn.grofers.com/cdn-cgi/image/f=auto,fit=scale-down,q=70,metadata=none,w=90/assets/eta-icons/30-mins.png"
"1775584560-114","https://blinkit.com/cn/dairy-breakfast/cheese/cid/14/2253","Amul Red Chilli Flakes Cheese Spread","200 g","₹109","","Out of Stock","19 mins","","","https://cdn.grofers.com/cdn-cgi/image/f=auto,fit=scale-down,q=70,metadata=none,w=270/da/cms-assets/cms/product/1774245c-f1ce-4d17-824e-a27819b78604.png","https://cdn.grofers.com/cdn-cgi/image/f=auto,fit=scale-down,q=70,metadata=none,w=90/assets/eta-icons/30-mins.png"
"1775584560-115","https://blinkit.com/cn/dairy-breakfast/cheese/cid/14/2253","Amezo Camembert Cheese Block","125 g","₹525","₹550","Out of Stock","30 mins","","","https://cdn.grofers.com/cdn-cgi/image/f=auto,fit=scale-down,q=70,metadata=none,w=270/da/cms-assets/cms/product/408767b2-c6ec-441f-8781-9179fc1ad810.png","https://cdn.grofers.com/cdn-cgi/image/f=auto,fit=scale-down,q=70,metadata=none,w=90/assets/eta-icons/30-mins.png"
"1775584560-116","https://blinkit.com/cn/dairy-breakfast/cheese/cid/14/2253","Amul Punchy Pepper Cheese Spread","200 g","₹109","","Out of Stock","19 mins","","","https://cdn.grofers.com/cdn-cgi/image/f=auto,fit=scale-down,q=70,metadata=none,w=270/da/cms-assets/cms/product/e28ee559-7e12-403e-a9d3-2c1baa00e5a9.png",""
"1775584560-117","https://blinkit.com/cn/dairy-breakfast/cheese/cid/14/2253","Nature Vit Cheddar Cheese Powder Seasoning","250 g","₹299","₹400","Out of Stock","30 mins","","","https://cdn.grofers.com/cdn-cgi/image/f=auto,fit=scale-down,q=70,metadata=none,w=270/da/cms-assets/cms/product/4a15f69a-7133-427a-b369-b3b82d523d19.png","https://cdn.grofers.com/cdn-cgi/image/f=auto,fit=scale-down,q=70,metadata=none,w=90/assets/eta-icons/30-mins.png"
"1775584560-118","https://blinkit.com/cn/dairy-breakfast/cheese/cid/14/2253","Amezo Parmesan Cheese Block","200 g","₹495","₹550","Out of Stock","30 mins","","","https://cdn.grofers.com/cdn-cgi/image/f=auto,fit=scale-down,q=70,metadata=none,w=270/da/cms-assets/cms/product/f988a6d7-26bd-4196-8ec0-b279dbde89d2.png","https://cdn.grofers.com/cdn-cgi/image/f=auto,fit=scale-down,q=70,metadata=none,w=90/assets/eta-icons/30-mins.png"
"1775584560-119","https://blinkit.com/cn/dairy-breakfast/cheese/cid/14/2253","Mother Dairy Cheese Slices","480 g","₹304","₹380","Out of Stock","19 mins","","","https://cdn.grofers.com/cdn-cgi/image/f=auto,fit=scale-down,q=70,metadata=none,w=270/da/cms-assets/cms/product/df42deba-b1a6-40ef-8a1c-d4d0f21e9e1a.png","https://cdn.grofers.com/cdn-cgi/image/f=auto,fit=scale-down,q=70,metadata=none,w=90/assets/eta-icons/30-mins.png"
"1775584560-120","https://blinkit.com/cn/dairy-breakfast/cheese/cid/14/2253","Go Smoked Paprika Cheese Spread","200 g","₹85","₹115","Out of Stock","19 mins","","","https://cdn.grofers.com/cdn-cgi/image/f=auto,fit=scale-down,q=70,metadata=none,w=270/da/cms-assets/cms/product/badb12b3-187a-4514-941d-f140f4b91d6a.png","https://cdn.grofers.com/cdn-cgi/image/f=auto,fit=scale-down,q=70,metadata=none,w=90/assets/eta-icons/30-mins.png"
"1775584560-121","https://blinkit.com/cn/dairy-breakfast/cheese/cid/14/2253","R R O Dairy Nacho Cheese Sauce","200 g","₹199","₹250","Out of Stock","30 mins","","","",""
"1775584560-122","https://blinkit.com/cn/dairy-breakfast/cheese/cid/14/2253","Britannia Laughing Cow Creamy Cheese Spread Sachets - Pack of 2","2 x 150 g","₹251","₹300","Out of Stock","19 mins","","","",""
"1775584560-123","https://blinkit.com/cn/dairy-breakfast/cheese/cid/14/2253","Amul Punchy Pepper Cheese Spread","200 g","₹109","","Out of Stock","19 mins","","","https://cdn.grofers.com/cdn-cgi/image/f=auto,fit=scale-down,q=70,metadata=none,w=270/da/cms-assets/cms/product/e28ee559-7e12-403e-a9d3-2c1baa00e5a9.png","https://cdn.grofers.com/cdn-cgi/image/f=auto,fit=scale-down,q=70,metadata=none,w=90/assets/eta-icons/30-mins.png"
"1775584560-124","https://blinkit.com/cn/dairy-breakfast/cheese/cid/14/2253","R R O Dairy Nacho Cheese Sauce","200 g","₹199","₹250","Out of Stock","30 mins","","","https://cdn.grofers.com/cdn-cgi/image/f=auto,fit=scale-down,q=70,metadata=none,w=270/da/cms-assets/cms/product/88d5bf43-a0a3-4c61-b9d4-893906efebf8.png","https://cdn.grofers.com/cdn-cgi/image/f=auto,fit=scale-down,q=70,metadata=none,w=90/assets/eta-icons/30-mins.png"
"1775584560-125","https://blinkit.com/cn/dairy-breakfast/cheese/cid/14/2253","Britannia Laughing Cow Creamy Cheese Spread Sachets - Pack of 2","2 x 150 g","₹251","₹300","Out of Stock","19 mins","","","https://cdn.grofers.com/cdn-cgi/image/f=auto,fit=scale-down,q=70,metadata=none,w=270/da/cms-assets/cms/product/bda58529-2aab-492d-bac1-5b46ee9eeaef.png","https://cdn.grofers.com/cdn-cgi/image/f=auto,fit=scale-down,q=70,metadata=none,w=90/assets/eta-icons/30-mins.png"
