web_scraper_order,web_scraper_start_url,data,data2,data3,data4,data5,data6,data7,data8,image,image2,image3
"1775624692-1","https://blinkit.com/cn/bakery-biscuits/rusks-wafers/cid/888/107","Protein Chef High Protein Elaichi Rusk","150 g","₹99","","","12 mins","ADD","2 options","https://cdn.grofers.com/cdn-cgi/image/f=auto,fit=scale-down,q=70,metadata=none,w=270/da/cms-assets/cms/product/rc-upload-1775218772831-273.png","https://cdn.grofers.com/cdn-cgi/image/f=auto,fit=scale-down,q=70,metadata=none,w=90/assets/ui/ad_without_bg.png","https://cdn.grofers.com/cdn-cgi/image/f=auto,fit=scale-down,q=70,metadata=none,w=90/assets/eta-icons/15-mins.png"
"1775624692-2","https://blinkit.com/cn/bakery-biscuits/rusks-wafers/cid/888/107","Pran Toast Family Rusk","200 g","₹45","","","12 mins","ADD","","https://cdn.grofers.com/cdn-cgi/image/f=auto,fit=scale-down,q=70,metadata=none,w=270/da/cms-assets/cms/product/e750b55d-d284-4e99-ae9a-2844c19e4b65.png","","https://cdn.grofers.com/cdn-cgi/image/f=auto,fit=scale-down,q=70,metadata=none,w=90/assets/eta-icons/15-mins.png"
"1775624692-3","https://blinkit.com/cn/bakery-biscuits/rusks-wafers/cid/888/107","Britannia Toastea Premium Bake Rusk (250 g)","250 g","₹42","₹50","16%
OFF","12 mins","ADD","","https://cdn.grofers.com/cdn-cgi/image/f=auto,fit=scale-down,q=70,metadata=none,w=270/da/cms-assets/cms/product/43bfbf7a-b021-4c29-8806-01ea5d5cfd5f.png","","https://cdn.grofers.com/cdn-cgi/image/f=auto,fit=scale-down,q=70,metadata=none,w=90/assets/eta-icons/15-mins.png"
"1775624692-4","https://blinkit.com/cn/bakery-biscuits/rusks-wafers/cid/888/107","Pran Special Dry Cake Rusk","100 g","₹45","","","12 mins","ADD","","https://cdn.grofers.com/cdn-cgi/image/f=auto,fit=scale-down,q=70,metadata=none,w=270/da/cms-assets/cms/product/2aec0338-1415-4280-a1a3-54bcab055c59.png","","https://cdn.grofers.com/cdn-cgi/image/f=auto,fit=scale-down,q=70,metadata=none,w=90/assets/eta-icons/15-mins.png"
"1775624692-5","https://blinkit.com/cn/bakery-biscuits/rusks-wafers/cid/888/107","The Baker's Dozen Elaichi Rusk (Zero Maida, High Protein)","80 g","₹40","","","12 mins","ADD","2 options","https://cdn.grofers.com/cdn-cgi/image/f=auto,fit=scale-down,q=70,metadata=none,w=270/da/cms-assets/cms/product/e13eb8de-54e2-4a0a-9d63-0e8e436e20c4.png","https://cdn.grofers.com/cdn-cgi/image/f=auto,fit=scale-down,q=70,metadata=none,w=90/assets/ui/ad_without_bg.png","https://cdn.grofers.com/cdn-cgi/image/f=auto,fit=scale-down,q=70,metadata=none,w=90/assets/eta-icons/15-mins.png"
"1775624692-6","https://blinkit.com/cn/bakery-biscuits/rusks-wafers/cid/888/107","Britannia Toastea Butter Rusk","183 g","₹30","₹35","14%
OFF","12 mins","ADD","","https://cdn.grofers.com/cdn-cgi/image/f=auto,fit=scale-down,q=70,metadata=none,w=270/da/cms-assets/cms/product/41620482-2025-4d7e-bd42-bbf412d5ec98.png","","https://cdn.grofers.com/cdn-cgi/image/f=auto,fit=scale-down,q=70,metadata=none,w=90/assets/eta-icons/15-mins.png"
"1775624692-7","https://blinkit.com/cn/bakery-biscuits/rusks-wafers/cid/888/107","Pran Toast Baby Rusk","250 g","₹50","","","12 mins","ADD","","https://cdn.grofers.com/cdn-cgi/image/f=auto,fit=scale-down,q=70,metadata=none,w=270/da/cms-assets/cms/product/baab15a2-2b52-4a01-9d41-de2431504c41.png","","https://cdn.grofers.com/cdn-cgi/image/f=auto,fit=scale-down,q=70,metadata=none,w=90/assets/eta-icons/15-mins.png"
"1775624692-8","https://blinkit.com/cn/bakery-biscuits/rusks-wafers/cid/888/107","Britannia Treat Rich Creme Choco Flavoured Wafers","50 g","₹27","₹50","46%
OFF","12 mins","ADD","2 options","https://cdn.grofers.com/cdn-cgi/image/f=auto,fit=scale-down,q=70,metadata=none,w=270/da/cms-assets/cms/product/rc-upload-1774704212916-218.png","","https://cdn.grofers.com/cdn-cgi/image/f=auto,fit=scale-down,q=70,metadata=none,w=90/assets/eta-icons/15-mins.png"
"1775624692-9","https://blinkit.com/cn/bakery-biscuits/rusks-wafers/cid/888/107","Let's Try Fruit Cake Rusk with Goodness of Wheat","200 g","₹99","₹220","55%
OFF","12 mins","ADD","","https://cdn.grofers.com/cdn-cgi/image/f=auto,fit=scale-down,q=70,metadata=none,w=270/da/cms-assets/cms/product/c5563229-d2cf-4d57-8861-51e0a6f73224.png","https://cdn.grofers.com/cdn-cgi/image/f=auto,fit=scale-down,q=70,metadata=none,w=90/assets/ui/ad_without_bg.png","https://cdn.grofers.com/cdn-cgi/image/f=auto,fit=scale-down,q=70,metadata=none,w=90/assets/eta-icons/15-mins.png"
"1775624692-10","https://blinkit.com/cn/bakery-biscuits/rusks-wafers/cid/888/107","Britannia Treat Rich Creme Orange Flavoured Wafers","55 g","₹27","₹50","46%
OFF","12 mins","ADD","","https://cdn.grofers.com/cdn-cgi/image/f=auto,fit=scale-down,q=70,metadata=none,w=270/da/cms-assets/cms/product/rc-upload-1774704212916-230.png","","https://cdn.grofers.com/cdn-cgi/image/f=auto,fit=scale-down,q=70,metadata=none,w=90/assets/eta-icons/15-mins.png"
"1775624692-11","https://blinkit.com/cn/bakery-biscuits/rusks-wafers/cid/888/107","Britannia Treat Strawberry Flavoured Wafers","50 g","₹27","₹50","46%
OFF","12 mins","ADD","","https://cdn.grofers.com/cdn-cgi/image/f=auto,fit=scale-down,q=70,metadata=none,w=270/da/cms-assets/cms/product/rc-upload-1774944833006-921.png","","https://cdn.grofers.com/cdn-cgi/image/f=auto,fit=scale-down,q=70,metadata=none,w=90/assets/eta-icons/15-mins.png"
"1775624692-12","https://blinkit.com/cn/bakery-biscuits/rusks-wafers/cid/888/107","Parle Real Elaichi Premium Rusk","291.2 g","₹54","₹60","10%
OFF","12 mins","ADD","2 options","https://cdn.grofers.com/cdn-cgi/image/f=auto,fit=scale-down,q=70,metadata=none,w=270/da/cms-assets/cms/product/9192da32-319b-406a-8030-76e1000a8372.png","","https://cdn.grofers.com/cdn-cgi/image/f=auto,fit=scale-down,q=70,metadata=none,w=90/assets/eta-icons/15-mins.png"
"1775624692-13","https://blinkit.com/cn/bakery-biscuits/rusks-wafers/cid/888/107","The Baker's Dozen Zero Maida Butter Garlic Toast, Whole Wheat","90 g","₹119","","","12 mins","ADD","2 options","","",""
"1775624692-14","https://blinkit.com/cn/bakery-biscuits/rusks-wafers/cid/888/107","Britannia Toastea Premium Bake Rusk (1 kg)","1 kg","₹174","₹240","27%
OFF","12 mins","ADD","","","",""
"1775624692-15","https://blinkit.com/cn/bakery-biscuits/rusks-wafers/cid/888/107","Dukes Waffy Choco Wafer Roll","250 g","₹90","₹165","45%
OFF","12 mins","ADD","","","",""
"1775624692-16","https://blinkit.com/cn/bakery-biscuits/rusks-wafers/cid/888/107","Thakar Gur Rusk","700 g","₹300","","","14 mins","ADD","","","",""
"1775624692-17","https://blinkit.com/cn/bakery-biscuits/rusks-wafers/cid/888/107","Thakar Saunf Elaichi Rusk","700 g","₹300","","","14 mins","ADD","","","",""
"1775624692-18","https://blinkit.com/cn/bakery-biscuits/rusks-wafers/cid/888/107","Sunfeast Dark Fantasy Rich Creme Filled Choco Wafer Roll","180 g","₹99","₹177","44%
OFF","12 mins","ADD","","","",""
"1775624692-19","https://blinkit.com/cn/bakery-biscuits/rusks-wafers/cid/888/107","Beanly Choco Hazelnut Spread with Breadsticks","52 g","₹99","₹133","25%
OFF","12 mins","ADD","3 options","","",""
"1775624692-20","https://blinkit.com/cn/bakery-biscuits/rusks-wafers/cid/888/107","Dukes Waffy Chocolate Wafers","55 g","₹27","₹45","40%
OFF","12 mins","ADD","2 options","","",""
"1775624692-21","https://blinkit.com/cn/bakery-biscuits/rusks-wafers/cid/888/107","Dukes Waffy Vanilla Wafers","55 g","₹27","₹45","40%
OFF","12 mins","ADD","","","",""
"1775624692-22","https://blinkit.com/cn/bakery-biscuits/rusks-wafers/cid/888/107","Karachi Bakery Twist Khari","200 g","₹81","₹85","","12 mins","ADD","","","",""
"1775624692-23","https://blinkit.com/cn/bakery-biscuits/rusks-wafers/cid/888/107","Dukes Waffy Strawberry Wafers","55 g","₹27","₹45","40%
OFF","12 mins","ADD","","","",""
"1775624692-24","https://blinkit.com/cn/bakery-biscuits/rusks-wafers/cid/888/107","Parle Premium Real Elaichi Rusk","1 kg","₹180","₹240","25%
OFF","12 mins","ADD","2 options","","",""
"1775624692-25","https://blinkit.com/cn/bakery-biscuits/rusks-wafers/cid/888/107","Sunfeast Fantastik Mini Treats (Homepack) Wafer Roll","125.4 g","₹63","₹88","28%
OFF","12 mins","ADD","","","",""
"1775624692-26","https://blinkit.com/cn/bakery-biscuits/rusks-wafers/cid/888/107","Unibic Qubz Assorted Wafer Chocolate","3 x 30 g","₹81","₹90","10%
OFF","12 mins","ADD","","","",""
"1775624692-27","https://blinkit.com/cn/bakery-biscuits/rusks-wafers/cid/888/107","Dukes Waffy Orange Wafers","55 g","₹27","₹45","40%
OFF","12 mins","ADD","","","",""
"1775624692-28","https://blinkit.com/cn/bakery-biscuits/rusks-wafers/cid/888/107","Choki Choki Choco Filled Wafer Roll","45 g","₹30","","","12 mins","ADD","","","",""
"1775624692-29","https://blinkit.com/cn/bakery-biscuits/rusks-wafers/cid/888/107","Loacker Quadratini Espresso Wafer Biscuit","110 g","₹199","₹249","20%
OFF","14 mins","ADD","","","",""
"1775624692-30","https://blinkit.com/cn/bakery-biscuits/rusks-wafers/cid/888/107","Tiffany Crunch N Cream Wafer Bar (Chocolate)","65 g","₹58","₹60","","12 mins","ADD","","","",""
"1775624692-31","https://blinkit.com/cn/bakery-biscuits/rusks-wafers/cid/888/107","The Baker's Dozen Zero Maida Butter Garlic Toast, Whole Wheat","90 g","₹119","","","12 mins","ADD","2 options","https://cdn.grofers.com/cdn-cgi/image/f=auto,fit=scale-down,q=70,metadata=none,w=270/da/cms-assets/cms/product/f2a6f59e-e8d7-4a55-ad46-1b8391536828.png","https://cdn.grofers.com/cdn-cgi/image/f=auto,fit=scale-down,q=70,metadata=none,w=90/assets/ui/ad_without_bg.png","https://cdn.grofers.com/cdn-cgi/image/f=auto,fit=scale-down,q=70,metadata=none,w=90/assets/eta-icons/15-mins.png"
"1775624692-32","https://blinkit.com/cn/bakery-biscuits/rusks-wafers/cid/888/107","Britannia Toastea Premium Bake Rusk (1 kg)","1 kg","₹174","₹240","27%
OFF","12 mins","ADD","","https://cdn.grofers.com/cdn-cgi/image/f=auto,fit=scale-down,q=70,metadata=none,w=270/da/cms-assets/cms/product/7dac8c96-a668-4233-852d-0359e7334d56.png","","https://cdn.grofers.com/cdn-cgi/image/f=auto,fit=scale-down,q=70,metadata=none,w=90/assets/eta-icons/15-mins.png"
"1775624692-33","https://blinkit.com/cn/bakery-biscuits/rusks-wafers/cid/888/107","Dukes Waffy Choco Wafer Roll","250 g","₹90","₹165","45%
OFF","12 mins","ADD","","https://cdn.grofers.com/cdn-cgi/image/f=auto,fit=scale-down,q=70,metadata=none,w=270/da/cms-assets/cms/product/bc07e4d8-8bde-4746-90ea-9a0a8e729066.png","","https://cdn.grofers.com/cdn-cgi/image/f=auto,fit=scale-down,q=70,metadata=none,w=90/assets/eta-icons/15-mins.png"
"1775624692-34","https://blinkit.com/cn/bakery-biscuits/rusks-wafers/cid/888/107","Thakar Gur Rusk","700 g","₹300","","","14 mins","ADD","","https://cdn.grofers.com/cdn-cgi/image/f=auto,fit=scale-down,q=70,metadata=none,w=270/da/cms-assets/cms/product/54ca937d-7940-4f10-949e-596bf019b6fb.png","https://cdn.grofers.com/cdn-cgi/image/f=auto,fit=scale-down,q=70,metadata=none,w=90/assets/ui/ad_without_bg.png","https://cdn.grofers.com/cdn-cgi/image/f=auto,fit=scale-down,q=70,metadata=none,w=90/assets/eta-icons/15-mins.png"
"1775624692-35","https://blinkit.com/cn/bakery-biscuits/rusks-wafers/cid/888/107","Thakar Saunf Elaichi Rusk","700 g","₹300","","","14 mins","ADD","","https://cdn.grofers.com/cdn-cgi/image/f=auto,fit=scale-down,q=70,metadata=none,w=270/da/cms-assets/cms/product/49e67f85-e6a9-4196-9efe-4a38e218143d.png","https://cdn.grofers.com/cdn-cgi/image/f=auto,fit=scale-down,q=70,metadata=none,w=90/assets/ui/ad_without_bg.png","https://cdn.grofers.com/cdn-cgi/image/f=auto,fit=scale-down,q=70,metadata=none,w=90/assets/eta-icons/15-mins.png"
"1775624692-36","https://blinkit.com/cn/bakery-biscuits/rusks-wafers/cid/888/107","Sunfeast Dark Fantasy Rich Creme Filled Choco Wafer Roll","180 g","₹99","₹177","44%
OFF","12 mins","ADD","","https://cdn.grofers.com/cdn-cgi/image/f=auto,fit=scale-down,q=70,metadata=none,w=270/da/cms-assets/cms/product/9a3d3f3e-989f-43bb-88be-a934a08a2d82.png","","https://cdn.grofers.com/cdn-cgi/image/f=auto,fit=scale-down,q=70,metadata=none,w=90/assets/eta-icons/15-mins.png"
"1775624692-37","https://blinkit.com/cn/bakery-biscuits/rusks-wafers/cid/888/107","Beanly Choco Hazelnut Spread with Breadsticks","52 g","₹99","₹133","25%
OFF","12 mins","ADD","3 options","https://cdn.grofers.com/cdn-cgi/image/f=auto,fit=scale-down,q=70,metadata=none,w=270/da/cms-assets/cms/product/2a55bb8b-bf09-454b-9233-cc00404c6a5c.png","","https://cdn.grofers.com/cdn-cgi/image/f=auto,fit=scale-down,q=70,metadata=none,w=90/assets/eta-icons/15-mins.png"
"1775624692-38","https://blinkit.com/cn/bakery-biscuits/rusks-wafers/cid/888/107","Dukes Waffy Chocolate Wafers","55 g","₹27","₹45","40%
OFF","12 mins","ADD","2 options","https://cdn.grofers.com/cdn-cgi/image/f=auto,fit=scale-down,q=70,metadata=none,w=270/da/cms-assets/cms/product/4195789b-0cb0-49a9-bb1d-3dd6b6ede3c4.png","","https://cdn.grofers.com/cdn-cgi/image/f=auto,fit=scale-down,q=70,metadata=none,w=90/assets/eta-icons/15-mins.png"
"1775624692-39","https://blinkit.com/cn/bakery-biscuits/rusks-wafers/cid/888/107","Dukes Waffy Vanilla Wafers","55 g","₹27","₹45","40%
OFF","12 mins","ADD","","https://cdn.grofers.com/cdn-cgi/image/f=auto,fit=scale-down,q=70,metadata=none,w=270/da/cms-assets/cms/product/a151b173-a740-422a-820e-4cb3a6c844f1.png","","https://cdn.grofers.com/cdn-cgi/image/f=auto,fit=scale-down,q=70,metadata=none,w=90/assets/eta-icons/15-mins.png"
"1775624692-40","https://blinkit.com/cn/bakery-biscuits/rusks-wafers/cid/888/107","Karachi Bakery Twist Khari","200 g","₹81","₹85","","12 mins","ADD","","https://cdn.grofers.com/cdn-cgi/image/f=auto,fit=scale-down,q=70,metadata=none,w=270/da/cms-assets/cms/product/d363d6fd-3619-4716-998d-e99597f87e94.png","","https://cdn.grofers.com/cdn-cgi/image/f=auto,fit=scale-down,q=70,metadata=none,w=90/assets/eta-icons/15-mins.png"
"1775624692-41","https://blinkit.com/cn/bakery-biscuits/rusks-wafers/cid/888/107","Dukes Waffy Strawberry Wafers","55 g","₹27","₹45","40%
OFF","12 mins","ADD","","https://cdn.grofers.com/cdn-cgi/image/f=auto,fit=scale-down,q=70,metadata=none,w=270/da/cms-assets/cms/product/fae03254-4900-4918-8a38-a259025d3a08.png","","https://cdn.grofers.com/cdn-cgi/image/f=auto,fit=scale-down,q=70,metadata=none,w=90/assets/eta-icons/15-mins.png"
"1775624692-42","https://blinkit.com/cn/bakery-biscuits/rusks-wafers/cid/888/107","Parle Premium Real Elaichi Rusk","1 kg","₹180","₹240","25%
OFF","12 mins","ADD","2 options","https://cdn.grofers.com/cdn-cgi/image/f=auto,fit=scale-down,q=70,metadata=none,w=270/da/cms-assets/cms/product/b6dd838b-689f-4b5d-b98a-1dede41cb6e6.png","","https://cdn.grofers.com/cdn-cgi/image/f=auto,fit=scale-down,q=70,metadata=none,w=90/assets/eta-icons/15-mins.png"
"1775624692-43","https://blinkit.com/cn/bakery-biscuits/rusks-wafers/cid/888/107","Sunfeast Fantastik Mini Treats (Homepack) Wafer Roll","125.4 g","₹63","₹88","28%
OFF","12 mins","ADD","","https://cdn.grofers.com/cdn-cgi/image/f=auto,fit=scale-down,q=70,metadata=none,w=270/da/cms-assets/cms/product/0b569afe-a044-4391-8e51-da7e79901916.png","","https://cdn.grofers.com/cdn-cgi/image/f=auto,fit=scale-down,q=70,metadata=none,w=90/assets/eta-icons/15-mins.png"
"1775624692-44","https://blinkit.com/cn/bakery-biscuits/rusks-wafers/cid/888/107","Unibic Qubz Assorted Wafer Chocolate","3 x 30 g","₹81","₹90","10%
OFF","12 mins","ADD","","https://cdn.grofers.com/cdn-cgi/image/f=auto,fit=scale-down,q=70,metadata=none,w=270/da/cms-assets/cms/product/rc-upload-1771600886677-1694.png","","https://cdn.grofers.com/cdn-cgi/image/f=auto,fit=scale-down,q=70,metadata=none,w=90/assets/eta-icons/15-mins.png"
"1775624692-45","https://blinkit.com/cn/bakery-biscuits/rusks-wafers/cid/888/107","Dukes Waffy Orange Wafers","55 g","₹27","₹45","40%
OFF","12 mins","ADD","","https://cdn.grofers.com/cdn-cgi/image/f=auto,fit=scale-down,q=70,metadata=none,w=270/da/cms-assets/cms/product/e7281835-524b-4cf4-954e-d82d16c66b21.png","","https://cdn.grofers.com/cdn-cgi/image/f=auto,fit=scale-down,q=70,metadata=none,w=90/assets/eta-icons/15-mins.png"
"1775624692-46","https://blinkit.com/cn/bakery-biscuits/rusks-wafers/cid/888/107","Choki Choki Choco Filled Wafer Roll","45 g","₹30","","","12 mins","ADD","","https://cdn.grofers.com/cdn-cgi/image/f=auto,fit=scale-down,q=70,metadata=none,w=270/da/cms-assets/cms/product/0182c463-a3ff-4cb5-aa2b-90ffbd2b7ec6.png","","https://cdn.grofers.com/cdn-cgi/image/f=auto,fit=scale-down,q=70,metadata=none,w=90/assets/eta-icons/15-mins.png"
"1775624692-47","https://blinkit.com/cn/bakery-biscuits/rusks-wafers/cid/888/107","Loacker Quadratini Espresso Wafer Biscuit","110 g","₹199","₹249","20%
OFF","14 mins","ADD","","https://cdn.grofers.com/cdn-cgi/image/f=auto,fit=scale-down,q=70,metadata=none,w=270/da/cms-assets/cms/product/742229dd-4823-424f-b8f3-a84dc299303b.png","","https://cdn.grofers.com/cdn-cgi/image/f=auto,fit=scale-down,q=70,metadata=none,w=90/assets/eta-icons/15-mins.png"
"1775624692-48","https://blinkit.com/cn/bakery-biscuits/rusks-wafers/cid/888/107","Tiffany Crunch N Cream Wafer Bar (Chocolate)","65 g","₹58","₹60","","12 mins","ADD","","https://cdn.grofers.com/cdn-cgi/image/f=auto,fit=scale-down,q=70,metadata=none,w=270/da/cms-assets/cms/product/rc-upload-1770221714496-224.png","","https://cdn.grofers.com/cdn-cgi/image/f=auto,fit=scale-down,q=70,metadata=none,w=90/assets/eta-icons/15-mins.png"
"1775624692-49","https://blinkit.com/cn/bakery-biscuits/rusks-wafers/cid/888/107","Dukes Waffy Pineapple Wafers","55 g","₹27","₹45","40%
OFF","12 mins","ADD","2 options","https://cdn.grofers.com/cdn-cgi/image/f=auto,fit=scale-down,q=70,metadata=none,w=270/da/cms-assets/cms/product/981f343e-c86a-4531-88f1-9ad827af59cb.png","","https://cdn.grofers.com/cdn-cgi/image/f=auto,fit=scale-down,q=70,metadata=none,w=90/assets/eta-icons/15-mins.png"
"1775624692-50","https://blinkit.com/cn/bakery-biscuits/rusks-wafers/cid/888/107","Let's Try Purani Delhi Atta Jeera Khari","200 g","₹135","₹150","10%
OFF","12 mins","ADD","","https://cdn.grofers.com/cdn-cgi/image/f=auto,fit=scale-down,q=70,metadata=none,w=270/da/cms-assets/cms/product/c606ddb9-e408-4ea0-b43c-b8126ce7b926.png","","https://cdn.grofers.com/cdn-cgi/image/f=auto,fit=scale-down,q=70,metadata=none,w=90/assets/eta-icons/15-mins.png"
"1775624692-51","https://blinkit.com/cn/bakery-biscuits/rusks-wafers/cid/888/107","Loacker Quadratini Chocolate Wafer Cube","54 g","₹89","₹109","18%
OFF","12 mins","ADD","","https://cdn.grofers.com/cdn-cgi/image/f=auto,fit=scale-down,q=70,metadata=none,w=270/da/cms-assets/cms/product/799969fc-5b51-4bdb-a7fb-4f21b3f02c1f.png","","https://cdn.grofers.com/cdn-cgi/image/f=auto,fit=scale-down,q=70,metadata=none,w=90/assets/eta-icons/15-mins.png"
"1775624692-52","https://blinkit.com/cn/bakery-biscuits/rusks-wafers/cid/888/107","Maddox Swirlicious Chocolate Wafer Roll","90 g","₹30","₹50","40%
OFF","12 mins","ADD","","https://cdn.grofers.com/cdn-cgi/image/f=auto,fit=scale-down,q=70,metadata=none,w=270/da/cms-assets/cms/product/2d0188ec-31fc-4759-84b8-be08c190f5c3.png","","https://cdn.grofers.com/cdn-cgi/image/f=auto,fit=scale-down,q=70,metadata=none,w=90/assets/eta-icons/15-mins.png"
"1775624692-53","https://blinkit.com/cn/bakery-biscuits/rusks-wafers/cid/888/107","The Baker's Dozen Grissini Baked Chilli Garlic Bread Sticks","100 g","₹129","","","12 mins","ADD","2 options","https://cdn.grofers.com/cdn-cgi/image/f=auto,fit=scale-down,q=70,metadata=none,w=270/da/cms-assets/cms/product/e2b46d95-1374-448c-b2e7-125cf5c9ff01.png","","https://cdn.grofers.com/cdn-cgi/image/f=auto,fit=scale-down,q=70,metadata=none,w=90/assets/eta-icons/15-mins.png"
"1775624692-54","https://blinkit.com/cn/bakery-biscuits/rusks-wafers/cid/888/107","Britannia Toastea Cake Rusk","100 g","₹31","₹36","13%
OFF","12 mins","ADD","","https://cdn.grofers.com/cdn-cgi/image/f=auto,fit=scale-down,q=70,metadata=none,w=270/da/cms-assets/cms/product/9c3d975a-6661-434e-ab2f-16c53cee67f0.png","","https://cdn.grofers.com/cdn-cgi/image/f=auto,fit=scale-down,q=70,metadata=none,w=90/assets/eta-icons/15-mins.png"
"1775624692-55","https://blinkit.com/cn/bakery-biscuits/rusks-wafers/cid/888/107","Karachi Bakery Masala Khari","200 g","₹81","₹85","","12 mins","ADD","","","",""
"1775624692-56","https://blinkit.com/cn/bakery-biscuits/rusks-wafers/cid/888/107","Pocky Cookies and Cream Flavoured Biscuit Sticks","40 g","₹169","₹178","5%
OFF","12 mins","ADD","","","",""
"1775624692-57","https://blinkit.com/cn/bakery-biscuits/rusks-wafers/cid/888/107","Tiffany Crunch N Cream Wafer Bar (Vanilla)","65 g","₹58","₹60","","12 mins","ADD","","","",""
"1775624692-58","https://blinkit.com/cn/bakery-biscuits/rusks-wafers/cid/888/107","Beanly Mighty Coffee Spread with Breadsticks","52 g","₹85","₹133","36%
OFF","12 mins","ADD","","","",""
"1775624692-59","https://blinkit.com/cn/bakery-biscuits/rusks-wafers/cid/888/107","Dukes Atc Waffy Wafers Combo","6 x 60 g","₹130","","","12 mins","ADD","","","",""
"1775624692-60","https://blinkit.com/cn/bakery-biscuits/rusks-wafers/cid/888/107","Maddox Swirlicious Cookie Cream Wafer Roll","90 g","₹30","₹50","40%
OFF","12 mins","ADD","","","",""
"1775624692-61","https://blinkit.com/cn/bakery-biscuits/rusks-wafers/cid/888/107","Pocky Chocolate Flavoured Biscuit Sticks","47 g","₹169","₹178","5%
OFF","12 mins","ADD","","","",""
"1775624692-62","https://blinkit.com/cn/bakery-biscuits/rusks-wafers/cid/888/107","Unibic Qubz Belgian Chocolate Wafer Cube","120 g","₹73","₹135","45%
OFF","12 mins","ADD","","","",""
"1775624692-63","https://blinkit.com/cn/bakery-biscuits/rusks-wafers/cid/888/107","The Baker's Dozen High Protein Ragi Chips","100 g","₹129","","Out of Stock","12 mins","","","","",""
"1775624692-64","https://blinkit.com/cn/bakery-biscuits/rusks-wafers/cid/888/107","Unibic Rich Chocolate Wafers","60 g","₹30","₹54","44%
OFF","12 mins","ADD","","","",""
"1775624692-65","https://blinkit.com/cn/bakery-biscuits/rusks-wafers/cid/888/107","HB Bakers Choice Oats Rusk","275 g","₹145","₹155","6%
OFF","14 mins","ADD","","","",""
"1775624692-66","https://blinkit.com/cn/bakery-biscuits/rusks-wafers/cid/888/107","Loacker Dark Chocolate Wafer Biscuit Sandwich","25 g","₹63","₹69","8%
OFF","12 mins","ADD","","","",""
"1775624692-67","https://blinkit.com/cn/bakery-biscuits/rusks-wafers/cid/888/107","Loacker Quadratini Chocolate Wafers","125 g","₹216","₹249","13%
OFF","12 mins","ADD","","","",""
"1775624692-68","https://blinkit.com/cn/bakery-biscuits/rusks-wafers/cid/888/107","Loacker Quadratini Napolitaner Wafers","125 g","₹200","₹249","19%
OFF","12 mins","ADD","","","",""
"1775624692-69","https://blinkit.com/cn/bakery-biscuits/rusks-wafers/cid/888/107","The Baker's Dozen Fruit Cake Rusk (Zero Maida, High Protein)","100 g","₹105","₹120","12%
OFF","12 mins","ADD","","","",""
"1775624692-70","https://blinkit.com/cn/bakery-biscuits/rusks-wafers/cid/888/107","Tiffany Crunch n Cream Wafer Bar - Orange","135 g","₹97","₹100","","12 mins","ADD","","","",""
"1775624692-71","https://blinkit.com/cn/bakery-biscuits/rusks-wafers/cid/888/107","Unibic Yummy Strawberry Wafers","60 g","₹30","₹54","44%
OFF","12 mins","ADD","","","",""
"1775624692-72","https://blinkit.com/cn/bakery-biscuits/rusks-wafers/cid/888/107","Wheafree Gluten Free Cake Rusk (Eggless)","300 g","₹207","₹230","10%
OFF","12 mins","ADD","","","",""
"1775624692-73","https://blinkit.com/cn/bakery-biscuits/rusks-wafers/cid/888/107","Karachi Bakery Zeera Khari","200 g","₹81","₹85","","12 mins","ADD","","","",""
"1775624692-74","https://blinkit.com/cn/bakery-biscuits/rusks-wafers/cid/888/107","The Baker's Dozen Whole Wheat Baked Lavash Flatbread Crisp for Dip","100 g","₹129","","","12 mins","ADD","","","",""
"1775624692-75","https://blinkit.com/cn/bakery-biscuits/rusks-wafers/cid/888/107","Tiffany Crunch n Cream Wafer Bar - Chocolate","135 g","₹100","","","12 mins","ADD","","","",""
"1775624692-76","https://blinkit.com/cn/bakery-biscuits/rusks-wafers/cid/888/107","Unibic Qubz English Strawberry Wafer Cube","120 g","₹70","₹135","48%
OFF","12 mins","ADD","","","",""
"1775624692-77","https://blinkit.com/cn/bakery-biscuits/rusks-wafers/cid/888/107","Nutella & Go! Hazelnut Spread with Breadsticks","52 g","₹306","","","12 mins","ADD","","","",""
"1775624692-78","https://blinkit.com/cn/bakery-biscuits/rusks-wafers/cid/888/107","Maddox Happyfills Crunchy & Snacky Wafer Roll","20 x 5.25 g","₹49","₹99","50%
OFF","12 mins","ADD","","","",""
"1775624692-79","https://blinkit.com/cn/bakery-biscuits/rusks-wafers/cid/888/107","Karachi Bakery Masala Khari","200 g","₹81","₹85","","12 mins","ADD","","https://cdn.grofers.com/cdn-cgi/image/f=auto,fit=scale-down,q=70,metadata=none,w=270/da/cms-assets/cms/product/e7e73d6e-ca80-4d27-88af-132bd4ef9ec7.png","","https://cdn.grofers.com/cdn-cgi/image/f=auto,fit=scale-down,q=70,metadata=none,w=90/assets/eta-icons/15-mins.png"
"1775624692-80","https://blinkit.com/cn/bakery-biscuits/rusks-wafers/cid/888/107","Pocky Cookies and Cream Flavoured Biscuit Sticks","40 g","₹169","₹178","5%
OFF","12 mins","ADD","","https://cdn.grofers.com/cdn-cgi/image/f=auto,fit=scale-down,q=70,metadata=none,w=270/da/cms-assets/cms/product/1abb3421-d13f-46bf-afc9-602b2f40337f.png","","https://cdn.grofers.com/cdn-cgi/image/f=auto,fit=scale-down,q=70,metadata=none,w=90/assets/eta-icons/15-mins.png"
"1775624692-81","https://blinkit.com/cn/bakery-biscuits/rusks-wafers/cid/888/107","Tiffany Crunch N Cream Wafer Bar (Vanilla)","65 g","₹58","₹60","","12 mins","ADD","","https://cdn.grofers.com/cdn-cgi/image/f=auto,fit=scale-down,q=70,metadata=none,w=270/da/cms-assets/cms/product/rc-upload-1770221714496-215.png","","https://cdn.grofers.com/cdn-cgi/image/f=auto,fit=scale-down,q=70,metadata=none,w=90/assets/eta-icons/15-mins.png"
"1775624692-82","https://blinkit.com/cn/bakery-biscuits/rusks-wafers/cid/888/107","Beanly Mighty Coffee Spread with Breadsticks","52 g","₹85","₹133","36%
OFF","12 mins","ADD","","https://cdn.grofers.com/cdn-cgi/image/f=auto,fit=scale-down,q=70,metadata=none,w=270/da/cms-assets/cms/product/72a63749-a4ed-44f2-bffe-387dd2281111.png","","https://cdn.grofers.com/cdn-cgi/image/f=auto,fit=scale-down,q=70,metadata=none,w=90/assets/eta-icons/15-mins.png"
"1775624692-83","https://blinkit.com/cn/bakery-biscuits/rusks-wafers/cid/888/107","Dukes Atc Waffy Wafers Combo","6 x 60 g","₹130","","","12 mins","ADD","","https://cdn.grofers.com/cdn-cgi/image/f=auto,fit=scale-down,q=70,metadata=none,w=270/da/cms-assets/cms/product/0d082f8a-ad60-4cc4-a2c8-87120e901a3d.png","","https://cdn.grofers.com/cdn-cgi/image/f=auto,fit=scale-down,q=70,metadata=none,w=90/assets/eta-icons/15-mins.png"
"1775624692-84","https://blinkit.com/cn/bakery-biscuits/rusks-wafers/cid/888/107","Maddox Swirlicious Cookie Cream Wafer Roll","90 g","₹30","₹50","40%
OFF","12 mins","ADD","","https://cdn.grofers.com/cdn-cgi/image/f=auto,fit=scale-down,q=70,metadata=none,w=270/da/cms-assets/cms/product/31206301-ded5-4a5b-87ba-f6b2d7cc2bff.png","","https://cdn.grofers.com/cdn-cgi/image/f=auto,fit=scale-down,q=70,metadata=none,w=90/assets/eta-icons/15-mins.png"
"1775624692-85","https://blinkit.com/cn/bakery-biscuits/rusks-wafers/cid/888/107","Pocky Chocolate Flavoured Biscuit Sticks","47 g","₹169","₹178","5%
OFF","12 mins","ADD","","https://cdn.grofers.com/cdn-cgi/image/f=auto,fit=scale-down,q=70,metadata=none,w=270/da/cms-assets/cms/product/55015d7a-e03f-4a07-82c3-ad211a9f8cbd.png","",""
"1775624692-86","https://blinkit.com/cn/bakery-biscuits/rusks-wafers/cid/888/107","Unibic Qubz Belgian Chocolate Wafer Cube","120 g","₹73","₹135","45%
OFF","12 mins","ADD","","https://cdn.grofers.com/cdn-cgi/image/f=auto,fit=scale-down,q=70,metadata=none,w=270/da/cms-assets/cms/product/cecb8604-7765-4f86-8540-676d8eb2615b.png","",""
"1775624692-87","https://blinkit.com/cn/bakery-biscuits/rusks-wafers/cid/888/107","The Baker's Dozen High Protein Ragi Chips","100 g","₹129","","Out of Stock","12 mins","","","https://cdn.grofers.com/cdn-cgi/image/f=auto,fit=scale-down,q=70,metadata=none,w=270/da/cms-assets/cms/product/rc-upload-1773730238054-478.png","",""
"1775624692-88","https://blinkit.com/cn/bakery-biscuits/rusks-wafers/cid/888/107","Unibic Rich Chocolate Wafers","60 g","₹30","₹54","44%
OFF","12 mins","ADD","","https://cdn.grofers.com/cdn-cgi/image/f=auto,fit=scale-down,q=70,metadata=none,w=270/da/cms-assets/cms/product/652a35d7-58db-43ad-9c20-f11f6ffceed3.png","",""
"1775624692-89","https://blinkit.com/cn/bakery-biscuits/rusks-wafers/cid/888/107","HB Bakers Choice Oats Rusk","275 g","₹145","₹155","6%
OFF","14 mins","ADD","","https://cdn.grofers.com/cdn-cgi/image/f=auto,fit=scale-down,q=70,metadata=none,w=270/da/cms-assets/cms/product/e2c1e8e8-bcda-4c52-bdc2-ca1a308b4d2f.png","",""
"1775624692-90","https://blinkit.com/cn/bakery-biscuits/rusks-wafers/cid/888/107","Loacker Dark Chocolate Wafer Biscuit Sandwich","25 g","₹63","₹69","8%
OFF","12 mins","ADD","","https://cdn.grofers.com/cdn-cgi/image/f=auto,fit=scale-down,q=70,metadata=none,w=270/da/cms-assets/cms/product/873cf947-1bcc-4473-a706-3b0988a69799.png","",""
"1775624692-91","https://blinkit.com/cn/bakery-biscuits/rusks-wafers/cid/888/107","Pocky Chocolate Flavoured Biscuit Sticks","47 g","₹169","₹178","5%
OFF","12 mins","ADD","","https://cdn.grofers.com/cdn-cgi/image/f=auto,fit=scale-down,q=70,metadata=none,w=270/da/cms-assets/cms/product/55015d7a-e03f-4a07-82c3-ad211a9f8cbd.png","","https://cdn.grofers.com/cdn-cgi/image/f=auto,fit=scale-down,q=70,metadata=none,w=90/assets/eta-icons/15-mins.png"
"1775624692-92","https://blinkit.com/cn/bakery-biscuits/rusks-wafers/cid/888/107","Unibic Qubz Belgian Chocolate Wafer Cube","120 g","₹73","₹135","45%
OFF","12 mins","ADD","","https://cdn.grofers.com/cdn-cgi/image/f=auto,fit=scale-down,q=70,metadata=none,w=270/da/cms-assets/cms/product/cecb8604-7765-4f86-8540-676d8eb2615b.png","","https://cdn.grofers.com/cdn-cgi/image/f=auto,fit=scale-down,q=70,metadata=none,w=90/assets/eta-icons/15-mins.png"
"1775624692-93","https://blinkit.com/cn/bakery-biscuits/rusks-wafers/cid/888/107","The Baker's Dozen High Protein Ragi Chips","100 g","₹129","","Out of Stock","12 mins","","","https://cdn.grofers.com/cdn-cgi/image/f=auto,fit=scale-down,q=70,metadata=none,w=270/da/cms-assets/cms/product/rc-upload-1773730238054-478.png","","https://cdn.grofers.com/cdn-cgi/image/f=auto,fit=scale-down,q=70,metadata=none,w=90/assets/eta-icons/15-mins.png"
"1775624692-94","https://blinkit.com/cn/bakery-biscuits/rusks-wafers/cid/888/107","Unibic Rich Chocolate Wafers","60 g","₹30","₹54","44%
OFF","12 mins","ADD","","https://cdn.grofers.com/cdn-cgi/image/f=auto,fit=scale-down,q=70,metadata=none,w=270/da/cms-assets/cms/product/652a35d7-58db-43ad-9c20-f11f6ffceed3.png","","https://cdn.grofers.com/cdn-cgi/image/f=auto,fit=scale-down,q=70,metadata=none,w=90/assets/eta-icons/15-mins.png"
"1775624692-95","https://blinkit.com/cn/bakery-biscuits/rusks-wafers/cid/888/107","HB Bakers Choice Oats Rusk","275 g","₹145","₹155","6%
OFF","14 mins","ADD","","https://cdn.grofers.com/cdn-cgi/image/f=auto,fit=scale-down,q=70,metadata=none,w=270/da/cms-assets/cms/product/e2c1e8e8-bcda-4c52-bdc2-ca1a308b4d2f.png","","https://cdn.grofers.com/cdn-cgi/image/f=auto,fit=scale-down,q=70,metadata=none,w=90/assets/eta-icons/15-mins.png"
"1775624692-96","https://blinkit.com/cn/bakery-biscuits/rusks-wafers/cid/888/107","Loacker Dark Chocolate Wafer Biscuit Sandwich","25 g","₹63","₹69","8%
OFF","12 mins","ADD","","https://cdn.grofers.com/cdn-cgi/image/f=auto,fit=scale-down,q=70,metadata=none,w=270/da/cms-assets/cms/product/873cf947-1bcc-4473-a706-3b0988a69799.png","","https://cdn.grofers.com/cdn-cgi/image/f=auto,fit=scale-down,q=70,metadata=none,w=90/assets/eta-icons/15-mins.png"
"1775624692-97","https://blinkit.com/cn/bakery-biscuits/rusks-wafers/cid/888/107","Loacker Quadratini Chocolate Wafers","125 g","₹216","₹249","13%
OFF","12 mins","ADD","","https://cdn.grofers.com/cdn-cgi/image/f=auto,fit=scale-down,q=70,metadata=none,w=270/da/cms-assets/cms/product/1f0740ba-b5bb-4fad-ae79-06c25249f85b.png","","https://cdn.grofers.com/cdn-cgi/image/f=auto,fit=scale-down,q=70,metadata=none,w=90/assets/eta-icons/15-mins.png"
"1775624692-98","https://blinkit.com/cn/bakery-biscuits/rusks-wafers/cid/888/107","Loacker Quadratini Napolitaner Wafers","125 g","₹200","₹249","19%
OFF","12 mins","ADD","","https://cdn.grofers.com/cdn-cgi/image/f=auto,fit=scale-down,q=70,metadata=none,w=270/da/cms-assets/cms/product/74944b54-d5ce-4ef1-894c-960f45f49468.png","","https://cdn.grofers.com/cdn-cgi/image/f=auto,fit=scale-down,q=70,metadata=none,w=90/assets/eta-icons/15-mins.png"
"1775624692-99","https://blinkit.com/cn/bakery-biscuits/rusks-wafers/cid/888/107","The Baker's Dozen Fruit Cake Rusk (Zero Maida, High Protein)","100 g","₹105","₹120","12%
OFF","12 mins","ADD","","https://cdn.grofers.com/cdn-cgi/image/f=auto,fit=scale-down,q=70,metadata=none,w=270/da/cms-assets/cms/product/0da5dd04-e193-4fa1-9317-be58ea1a4a5a.png","","https://cdn.grofers.com/cdn-cgi/image/f=auto,fit=scale-down,q=70,metadata=none,w=90/assets/eta-icons/15-mins.png"
"1775624692-100","https://blinkit.com/cn/bakery-biscuits/rusks-wafers/cid/888/107","Tiffany Crunch n Cream Wafer Bar - Orange","135 g","₹97","₹100","","12 mins","ADD","","https://cdn.grofers.com/cdn-cgi/image/f=auto,fit=scale-down,q=70,metadata=none,w=270/da/cms-assets/cms/product/rc-upload-1770221714496-70.png","","https://cdn.grofers.com/cdn-cgi/image/f=auto,fit=scale-down,q=70,metadata=none,w=90/assets/eta-icons/15-mins.png"
"1775624692-101","https://blinkit.com/cn/bakery-biscuits/rusks-wafers/cid/888/107","Unibic Yummy Strawberry Wafers","60 g","₹30","₹54","44%
OFF","12 mins","ADD","","https://cdn.grofers.com/cdn-cgi/image/f=auto,fit=scale-down,q=70,metadata=none,w=270/da/cms-assets/cms/product/dc0bed79-9b76-482a-9c70-9f4786fca0f0.png","","https://cdn.grofers.com/cdn-cgi/image/f=auto,fit=scale-down,q=70,metadata=none,w=90/assets/eta-icons/15-mins.png"
"1775624692-102","https://blinkit.com/cn/bakery-biscuits/rusks-wafers/cid/888/107","Wheafree Gluten Free Cake Rusk (Eggless)","300 g","₹207","₹230","10%
OFF","12 mins","ADD","","https://cdn.grofers.com/cdn-cgi/image/f=auto,fit=scale-down,q=70,metadata=none,w=270/da/cms-assets/cms/product/77319bbf-d230-4b7c-a5c3-547a4ec249ac.png","","https://cdn.grofers.com/cdn-cgi/image/f=auto,fit=scale-down,q=70,metadata=none,w=90/assets/eta-icons/15-mins.png"
"1775624692-103","https://blinkit.com/cn/bakery-biscuits/rusks-wafers/cid/888/107","Karachi Bakery Zeera Khari","200 g","₹81","₹85","","12 mins","ADD","","https://cdn.grofers.com/cdn-cgi/image/f=auto,fit=scale-down,q=70,metadata=none,w=270/da/cms-assets/cms/product/2d39d90c-11bc-4a4c-8a8f-6e6243c161f5.png","",""
"1775624692-104","https://blinkit.com/cn/bakery-biscuits/rusks-wafers/cid/888/107","The Baker's Dozen Whole Wheat Baked Lavash Flatbread Crisp for Dip","100 g","₹129","","","12 mins","ADD","","https://cdn.grofers.com/cdn-cgi/image/f=auto,fit=scale-down,q=70,metadata=none,w=270/da/cms-assets/cms/product/dda4a942-2159-4cc6-aae9-7d37d40c603b.png","",""
"1775624692-105","https://blinkit.com/cn/bakery-biscuits/rusks-wafers/cid/888/107","Tiffany Crunch n Cream Wafer Bar - Chocolate","135 g","₹100","","","12 mins","ADD","","https://cdn.grofers.com/cdn-cgi/image/f=auto,fit=scale-down,q=70,metadata=none,w=270/da/cms-assets/cms/product/rc-upload-1770221714496-62.png","",""
"1775624692-106","https://blinkit.com/cn/bakery-biscuits/rusks-wafers/cid/888/107","Unibic Qubz English Strawberry Wafer Cube","120 g","₹70","₹135","48%
OFF","12 mins","ADD","","https://cdn.grofers.com/cdn-cgi/image/f=auto,fit=scale-down,q=70,metadata=none,w=270/da/cms-assets/cms/product/5f9b35c9-1870-4c8e-b197-8366265d4e8e.png","",""
"1775624692-107","https://blinkit.com/cn/bakery-biscuits/rusks-wafers/cid/888/107","Nutella & Go! Hazelnut Spread with Breadsticks","52 g","₹306","","","12 mins","ADD","","https://cdn.grofers.com/cdn-cgi/image/f=auto,fit=scale-down,q=70,metadata=none,w=270/da/cms-assets/cms/product/13a6dab7-2a7d-4bcc-bdd5-480489a4644b.png","",""
"1775624692-108","https://blinkit.com/cn/bakery-biscuits/rusks-wafers/cid/888/107","Maddox Happyfills Crunchy & Snacky Wafer Roll","20 x 5.25 g","₹49","₹99","50%
OFF","12 mins","ADD","","https://cdn.grofers.com/cdn-cgi/image/f=auto,fit=scale-down,q=70,metadata=none,w=270/da/cms-assets/cms/product/69d0cdec-6f17-48e7-85e3-1ae32ea8bcae.png","",""
"1775624692-109","https://blinkit.com/cn/bakery-biscuits/rusks-wafers/cid/888/107","Karachi Bakery Zeera Khari","200 g","₹81","₹85","","12 mins","ADD","","https://cdn.grofers.com/cdn-cgi/image/f=auto,fit=scale-down,q=70,metadata=none,w=270/da/cms-assets/cms/product/2d39d90c-11bc-4a4c-8a8f-6e6243c161f5.png","","https://cdn.grofers.com/cdn-cgi/image/f=auto,fit=scale-down,q=70,metadata=none,w=90/assets/eta-icons/15-mins.png"
"1775624692-110","https://blinkit.com/cn/bakery-biscuits/rusks-wafers/cid/888/107","The Baker's Dozen Whole Wheat Baked Lavash Flatbread Crisp for Dip","100 g","₹129","","","12 mins","ADD","","https://cdn.grofers.com/cdn-cgi/image/f=auto,fit=scale-down,q=70,metadata=none,w=270/da/cms-assets/cms/product/dda4a942-2159-4cc6-aae9-7d37d40c603b.png","","https://cdn.grofers.com/cdn-cgi/image/f=auto,fit=scale-down,q=70,metadata=none,w=90/assets/eta-icons/15-mins.png"
"1775624692-111","https://blinkit.com/cn/bakery-biscuits/rusks-wafers/cid/888/107","Tiffany Crunch n Cream Wafer Bar - Chocolate","135 g","₹100","","","12 mins","ADD","","https://cdn.grofers.com/cdn-cgi/image/f=auto,fit=scale-down,q=70,metadata=none,w=270/da/cms-assets/cms/product/rc-upload-1770221714496-62.png","","https://cdn.grofers.com/cdn-cgi/image/f=auto,fit=scale-down,q=70,metadata=none,w=90/assets/eta-icons/15-mins.png"
"1775624692-112","https://blinkit.com/cn/bakery-biscuits/rusks-wafers/cid/888/107","Unibic Qubz English Strawberry Wafer Cube","120 g","₹70","₹135","48%
OFF","12 mins","ADD","","https://cdn.grofers.com/cdn-cgi/image/f=auto,fit=scale-down,q=70,metadata=none,w=270/da/cms-assets/cms/product/5f9b35c9-1870-4c8e-b197-8366265d4e8e.png","","https://cdn.grofers.com/cdn-cgi/image/f=auto,fit=scale-down,q=70,metadata=none,w=90/assets/eta-icons/15-mins.png"
"1775624692-113","https://blinkit.com/cn/bakery-biscuits/rusks-wafers/cid/888/107","Nutella & Go! Hazelnut Spread with Breadsticks","52 g","₹306","","","12 mins","ADD","","https://cdn.grofers.com/cdn-cgi/image/f=auto,fit=scale-down,q=70,metadata=none,w=270/da/cms-assets/cms/product/13a6dab7-2a7d-4bcc-bdd5-480489a4644b.png","","https://cdn.grofers.com/cdn-cgi/image/f=auto,fit=scale-down,q=70,metadata=none,w=90/assets/eta-icons/15-mins.png"
"1775624692-114","https://blinkit.com/cn/bakery-biscuits/rusks-wafers/cid/888/107","Maddox Happyfills Crunchy & Snacky Wafer Roll","20 x 5.25 g","₹49","₹99","50%
OFF","12 mins","ADD","","https://cdn.grofers.com/cdn-cgi/image/f=auto,fit=scale-down,q=70,metadata=none,w=270/da/cms-assets/cms/product/69d0cdec-6f17-48e7-85e3-1ae32ea8bcae.png","","https://cdn.grofers.com/cdn-cgi/image/f=auto,fit=scale-down,q=70,metadata=none,w=90/assets/eta-icons/15-mins.png"
"1775624692-115","https://blinkit.com/cn/bakery-biscuits/rusks-wafers/cid/888/107","Maddox Happyfills Crunchy & Snacky Strawberyy Wafer Roll","20 x 5.25 g","₹49","₹99","50%
OFF","12 mins","ADD","","https://cdn.grofers.com/cdn-cgi/image/f=auto,fit=scale-down,q=70,metadata=none,w=270/da/cms-assets/cms/product/70e7fa22-7fd7-407a-9933-9c44d83b3a52.png","","https://cdn.grofers.com/cdn-cgi/image/f=auto,fit=scale-down,q=70,metadata=none,w=90/assets/eta-icons/15-mins.png"
"1775624692-116","https://blinkit.com/cn/bakery-biscuits/rusks-wafers/cid/888/107","Loacker Quadratini Napolitaner Hazlenut Wafer Cube","54 g","₹89","₹109","18%
OFF","12 mins","ADD","","https://cdn.grofers.com/cdn-cgi/image/f=auto,fit=scale-down,q=70,metadata=none,w=270/da/cms-assets/cms/product/6357f09b-f5a6-4229-a5cf-f9463102f975.png","","https://cdn.grofers.com/cdn-cgi/image/f=auto,fit=scale-down,q=70,metadata=none,w=90/assets/eta-icons/15-mins.png"
"1775624692-117","https://blinkit.com/cn/bakery-biscuits/rusks-wafers/cid/888/107","Loacker Sandwich Wafer Biscuit Hazelnut","25 g","₹63","₹69","8%
OFF","12 mins","ADD","","https://cdn.grofers.com/cdn-cgi/image/f=auto,fit=scale-down,q=70,metadata=none,w=270/da/cms-assets/cms/product/2e19cadc-2bc1-47d9-9c9c-240033efdf18.png","","https://cdn.grofers.com/cdn-cgi/image/f=auto,fit=scale-down,q=70,metadata=none,w=90/assets/eta-icons/15-mins.png"
"1775624692-118","https://blinkit.com/cn/bakery-biscuits/rusks-wafers/cid/888/107","Loacker Chocolate Wafer Biscuit Sandwich","25 g","₹63","₹69","8%
OFF","12 mins","ADD","","https://cdn.grofers.com/cdn-cgi/image/f=auto,fit=scale-down,q=70,metadata=none,w=270/da/cms-assets/cms/product/5ae306e1-0368-4781-b5a1-f72642a50b2e.png","","https://cdn.grofers.com/cdn-cgi/image/f=auto,fit=scale-down,q=70,metadata=none,w=90/assets/eta-icons/15-mins.png"
"1775624692-119","https://blinkit.com/cn/bakery-biscuits/rusks-wafers/cid/888/107","Loacker Quadratini Vanilla Wafers","125 g","₹199","₹249","20%
OFF","12 mins","ADD","","https://cdn.grofers.com/cdn-cgi/image/f=auto,fit=scale-down,q=70,metadata=none,w=270/da/cms-assets/cms/product/56884175-ae03-4e7c-85f9-fe3ab005aabb.png","","https://cdn.grofers.com/cdn-cgi/image/f=auto,fit=scale-down,q=70,metadata=none,w=90/assets/eta-icons/15-mins.png"
"1775624692-120","https://blinkit.com/cn/bakery-biscuits/rusks-wafers/cid/888/107","Loacker Break3 Crunchy Wafer Bar","19 g","₹72","₹79","8%
OFF","12 mins","ADD","2 options","https://cdn.grofers.com/cdn-cgi/image/f=auto,fit=scale-down,q=70,metadata=none,w=270/da/cms-assets/cms/product/rc-upload-1770221714496-592.png","","https://cdn.grofers.com/cdn-cgi/image/f=auto,fit=scale-down,q=70,metadata=none,w=90/assets/eta-icons/15-mins.png"
"1775624692-121","https://blinkit.com/cn/bakery-biscuits/rusks-wafers/cid/888/107","Lotus Biscoff & GO Biscoff Spread and Breadsticks Snack","45 g","₹149","₹349","57%
OFF","12 mins","ADD","","","",""
"1775624692-122","https://blinkit.com/cn/bakery-biscuits/rusks-wafers/cid/888/107","HB Bakers Choice Kaju Rusk","275 g","₹145","₹155","6%
OFF","14 mins","ADD","","","",""
"1775624692-123","https://blinkit.com/cn/bakery-biscuits/rusks-wafers/cid/888/107","Loacker Napolitaner Hazelnut Wafers","45 g","₹98","₹149","34%
OFF","12 mins","ADD","","","",""
"1775624692-124","https://blinkit.com/cn/bakery-biscuits/rusks-wafers/cid/888/107","Tiffany Crunch n Cream Wafer Bar - Strawberry","135 g","₹98","₹100","","12 mins","ADD","","","",""
"1775624692-125","https://blinkit.com/cn/bakery-biscuits/rusks-wafers/cid/888/107","Loacker Vanilla Classic Wafers","45 g","₹98","₹149","34%
OFF","12 mins","ADD","","","",""
"1775624692-126","https://blinkit.com/cn/bakery-biscuits/rusks-wafers/cid/888/107","Loacker Classic Chocolate Wafer Biscuit","4 x 45 g","₹540","₹599","9%
OFF","12 mins","ADD","","","",""
"1775624692-127","https://blinkit.com/cn/bakery-biscuits/rusks-wafers/cid/888/107","Loacker Crispy Wafers Classic Chocolate","45 g","₹84","₹149","43%
OFF","12 mins","ADD","","","",""
"1775624692-128","https://blinkit.com/cn/bakery-biscuits/rusks-wafers/cid/888/107","HB Bakers Choice Mawa Cake Rusk","200 g","₹159","₹175","9%
OFF","14 mins","ADD","","","",""
"1775624692-129","https://blinkit.com/cn/bakery-biscuits/rusks-wafers/cid/888/107","Wheafree Cake Rusk","300 g","₹216","₹240","10%
OFF","12 mins","ADD","","","",""
"1775624692-130","https://blinkit.com/cn/bakery-biscuits/rusks-wafers/cid/888/107","HB Bakers Choice Almond Cake Rusk","200 g","₹189","₹210","10%
OFF","14 mins","ADD","","","",""
"1775624692-131","https://blinkit.com/cn/bakery-biscuits/rusks-wafers/cid/888/107","Dukes Duetz Waffy - Chocolate & Orange Wafers","50 g","₹50","","","12 mins","ADD","","","",""
"1775624692-132","https://blinkit.com/cn/bakery-biscuits/rusks-wafers/cid/888/107","Sapphire Vege Crackers","350 g","₹225","","","12 mins","ADD","","","",""
"1775624692-133","https://blinkit.com/cn/bakery-biscuits/rusks-wafers/cid/888/107","Delfi Twister Vanilla Wafer Roll","320 g","₹300","","","12 mins","ADD","","","",""
"1775624692-134","https://blinkit.com/cn/bakery-biscuits/rusks-wafers/cid/888/107","Dukes Duetz Waffy - Strawberry & Orange Wafers","50 g","₹50","","","12 mins","ADD","","","",""
"1775624692-135","https://blinkit.com/cn/bakery-biscuits/rusks-wafers/cid/888/107","Loacker Minis Assorted Wafer Chocolate Pack","25 x 10 g","₹630","₹699","9%
OFF","12 mins","ADD","","","",""
"1775624692-136","https://blinkit.com/cn/bakery-biscuits/rusks-wafers/cid/888/107","Dukes Chocolate Flavoured Wafer Bar Creamy & Crunchy","360 g","₹114","₹120","5%
OFF","12 mins","ADD","","","",""
"1775624692-137","https://blinkit.com/cn/bakery-biscuits/rusks-wafers/cid/888/107","Loacker Classic Napolitaner Wafer Biscuit","4 x 45 g","₹540","₹599","9%
OFF","12 mins","ADD","","","",""
"1775624692-138","https://blinkit.com/cn/bakery-biscuits/rusks-wafers/cid/888/107","Tata Soulfull No Maida Butter Rusk","183 g","₹40","","Out of Stock","12 mins","","","","",""
"1775624692-139","https://blinkit.com/cn/bakery-biscuits/rusks-wafers/cid/888/107","Tata Soulfull Elaichi No Maida Rusk","183 g","₹40","","Out of Stock","12 mins","","","","",""
"1775624692-140","https://blinkit.com/cn/bakery-biscuits/rusks-wafers/cid/888/107","Britannia Toastea Premium Bake Rusk","700 g","₹130","₹140","Out of Stock","12 mins","","","","",""
"1775624692-141","https://blinkit.com/cn/bakery-biscuits/rusks-wafers/cid/888/107","Dukes Waffy Strawberry Wafer Roll","250 g","₹90","₹165","Out of Stock","12 mins","","","","",""
"1775624692-142","https://blinkit.com/cn/bakery-biscuits/rusks-wafers/cid/888/107","Pintola Wholegrain Brown Rice Rice Cake","130 g","₹131","₹160","Out of Stock","12 mins","","","","",""
"1775624692-143","https://blinkit.com/cn/bakery-biscuits/rusks-wafers/cid/888/107","Pocky Double Chocolate Covered Biscuit Sticks","47 g","₹178","","Out of Stock","12 mins","","","","",""
"1775624692-144","https://blinkit.com/cn/bakery-biscuits/rusks-wafers/cid/888/107","Jaggic Gud Rusk","400 g","₹170","","Out of Stock","14 mins","","","","",""
"1775624692-145","https://blinkit.com/cn/bakery-biscuits/rusks-wafers/cid/888/107","Lotus Biscoff & GO Biscoff Spread and Breadsticks Snack","45 g","₹149","₹349","57%
OFF","12 mins","ADD","","https://cdn.grofers.com/cdn-cgi/image/f=auto,fit=scale-down,q=70,metadata=none,w=270/da/cms-assets/cms/product/82dd2a55-22b4-46ef-acac-6e50aa153ba5.png","","https://cdn.grofers.com/cdn-cgi/image/f=auto,fit=scale-down,q=70,metadata=none,w=90/assets/eta-icons/15-mins.png"
"1775624692-146","https://blinkit.com/cn/bakery-biscuits/rusks-wafers/cid/888/107","HB Bakers Choice Kaju Rusk","275 g","₹145","₹155","6%
OFF","14 mins","ADD","","https://cdn.grofers.com/cdn-cgi/image/f=auto,fit=scale-down,q=70,metadata=none,w=270/da/cms-assets/cms/product/rc-upload-1775545366111-57.png","","https://cdn.grofers.com/cdn-cgi/image/f=auto,fit=scale-down,q=70,metadata=none,w=90/assets/eta-icons/15-mins.png"
"1775624692-147","https://blinkit.com/cn/bakery-biscuits/rusks-wafers/cid/888/107","Loacker Napolitaner Hazelnut Wafers","45 g","₹98","₹149","34%
OFF","12 mins","ADD","","https://cdn.grofers.com/cdn-cgi/image/f=auto,fit=scale-down,q=70,metadata=none,w=270/da/cms-assets/cms/product/40fc8953-63f7-47be-bd7f-9ce8e61838ca.png","","https://cdn.grofers.com/cdn-cgi/image/f=auto,fit=scale-down,q=70,metadata=none,w=90/assets/eta-icons/15-mins.png"
"1775624692-148","https://blinkit.com/cn/bakery-biscuits/rusks-wafers/cid/888/107","Tiffany Crunch n Cream Wafer Bar - Strawberry","135 g","₹98","₹100","","12 mins","ADD","","https://cdn.grofers.com/cdn-cgi/image/f=auto,fit=scale-down,q=70,metadata=none,w=270/da/cms-assets/cms/product/rc-upload-1770221714496-88.png","","https://cdn.grofers.com/cdn-cgi/image/f=auto,fit=scale-down,q=70,metadata=none,w=90/assets/eta-icons/15-mins.png"
"1775624692-149","https://blinkit.com/cn/bakery-biscuits/rusks-wafers/cid/888/107","Loacker Vanilla Classic Wafers","45 g","₹98","₹149","34%
OFF","12 mins","ADD","","https://cdn.grofers.com/cdn-cgi/image/f=auto,fit=scale-down,q=70,metadata=none,w=270/da/cms-assets/cms/product/93cfc5d1-731c-44ef-b963-67cbc0593a4d.png","","https://cdn.grofers.com/cdn-cgi/image/f=auto,fit=scale-down,q=70,metadata=none,w=90/assets/eta-icons/15-mins.png"
"1775624692-150","https://blinkit.com/cn/bakery-biscuits/rusks-wafers/cid/888/107","Loacker Classic Chocolate Wafer Biscuit","4 x 45 g","₹540","₹599","9%
OFF","12 mins","ADD","","https://cdn.grofers.com/cdn-cgi/image/f=auto,fit=scale-down,q=70,metadata=none,w=270/da/cms-assets/cms/product/72d405fb-2e61-4772-8e67-de59efdb92ed.png","","https://cdn.grofers.com/cdn-cgi/image/f=auto,fit=scale-down,q=70,metadata=none,w=90/assets/eta-icons/15-mins.png"
"1775624692-151","https://blinkit.com/cn/bakery-biscuits/rusks-wafers/cid/888/107","Loacker Crispy Wafers Classic Chocolate","45 g","₹84","₹149","43%
OFF","12 mins","ADD","","https://cdn.grofers.com/cdn-cgi/image/f=auto,fit=scale-down,q=70,metadata=none,w=270/da/cms-assets/cms/product/390bae1c-9995-4cfb-a149-a816048887ae.png","",""
"1775624692-152","https://blinkit.com/cn/bakery-biscuits/rusks-wafers/cid/888/107","HB Bakers Choice Mawa Cake Rusk","200 g","₹159","₹175","9%
OFF","14 mins","ADD","","https://cdn.grofers.com/cdn-cgi/image/f=auto,fit=scale-down,q=70,metadata=none,w=270/da/cms-assets/cms/product/303e3f0a-2cf5-4959-bfeb-7201015627d8.png","",""
"1775624692-153","https://blinkit.com/cn/bakery-biscuits/rusks-wafers/cid/888/107","Wheafree Cake Rusk","300 g","₹216","₹240","10%
OFF","12 mins","ADD","","https://cdn.grofers.com/cdn-cgi/image/f=auto,fit=scale-down,q=70,metadata=none,w=270/da/cms-assets/cms/product/d9c2c2d7-6ac7-4545-8bb3-7713f84d8cb6.png","",""
"1775624692-154","https://blinkit.com/cn/bakery-biscuits/rusks-wafers/cid/888/107","HB Bakers Choice Almond Cake Rusk","200 g","₹189","₹210","10%
OFF","14 mins","ADD","","https://cdn.grofers.com/cdn-cgi/image/f=auto,fit=scale-down,q=70,metadata=none,w=270/da/cms-assets/cms/product/rc-upload-1775545366111-49.png","",""
"1775624692-155","https://blinkit.com/cn/bakery-biscuits/rusks-wafers/cid/888/107","Dukes Duetz Waffy - Chocolate & Orange Wafers","50 g","₹50","","","12 mins","ADD","","https://cdn.grofers.com/cdn-cgi/image/f=auto,fit=scale-down,q=70,metadata=none,w=270/da/cms-assets/cms/product/e04a847c-cbb6-4e83-a551-037ba3d71883.png","",""
"1775624692-156","https://blinkit.com/cn/bakery-biscuits/rusks-wafers/cid/888/107","Sapphire Vege Crackers","350 g","₹225","","","12 mins","ADD","","https://cdn.grofers.com/cdn-cgi/image/f=auto,fit=scale-down,q=70,metadata=none,w=270/da/cms-assets/cms/product/302508ed-5558-4bb3-9602-7d5e04ef5265.png","",""
"1775624692-157","https://blinkit.com/cn/bakery-biscuits/rusks-wafers/cid/888/107","Loacker Crispy Wafers Classic Chocolate","45 g","₹84","₹149","43%
OFF","12 mins","ADD","","https://cdn.grofers.com/cdn-cgi/image/f=auto,fit=scale-down,q=70,metadata=none,w=270/da/cms-assets/cms/product/390bae1c-9995-4cfb-a149-a816048887ae.png","","https://cdn.grofers.com/cdn-cgi/image/f=auto,fit=scale-down,q=70,metadata=none,w=90/assets/eta-icons/15-mins.png"
"1775624692-158","https://blinkit.com/cn/bakery-biscuits/rusks-wafers/cid/888/107","HB Bakers Choice Mawa Cake Rusk","200 g","₹159","₹175","9%
OFF","14 mins","ADD","","https://cdn.grofers.com/cdn-cgi/image/f=auto,fit=scale-down,q=70,metadata=none,w=270/da/cms-assets/cms/product/303e3f0a-2cf5-4959-bfeb-7201015627d8.png","","https://cdn.grofers.com/cdn-cgi/image/f=auto,fit=scale-down,q=70,metadata=none,w=90/assets/eta-icons/15-mins.png"
"1775624692-159","https://blinkit.com/cn/bakery-biscuits/rusks-wafers/cid/888/107","Wheafree Cake Rusk","300 g","₹216","₹240","10%
OFF","12 mins","ADD","","https://cdn.grofers.com/cdn-cgi/image/f=auto,fit=scale-down,q=70,metadata=none,w=270/da/cms-assets/cms/product/d9c2c2d7-6ac7-4545-8bb3-7713f84d8cb6.png","","https://cdn.grofers.com/cdn-cgi/image/f=auto,fit=scale-down,q=70,metadata=none,w=90/assets/eta-icons/15-mins.png"
"1775624692-160","https://blinkit.com/cn/bakery-biscuits/rusks-wafers/cid/888/107","HB Bakers Choice Almond Cake Rusk","200 g","₹189","₹210","10%
OFF","14 mins","ADD","","https://cdn.grofers.com/cdn-cgi/image/f=auto,fit=scale-down,q=70,metadata=none,w=270/da/cms-assets/cms/product/rc-upload-1775545366111-49.png","","https://cdn.grofers.com/cdn-cgi/image/f=auto,fit=scale-down,q=70,metadata=none,w=90/assets/eta-icons/15-mins.png"
"1775624692-161","https://blinkit.com/cn/bakery-biscuits/rusks-wafers/cid/888/107","Dukes Duetz Waffy - Chocolate & Orange Wafers","50 g","₹50","","","12 mins","ADD","","https://cdn.grofers.com/cdn-cgi/image/f=auto,fit=scale-down,q=70,metadata=none,w=270/da/cms-assets/cms/product/e04a847c-cbb6-4e83-a551-037ba3d71883.png","","https://cdn.grofers.com/cdn-cgi/image/f=auto,fit=scale-down,q=70,metadata=none,w=90/assets/eta-icons/15-mins.png"
"1775624692-162","https://blinkit.com/cn/bakery-biscuits/rusks-wafers/cid/888/107","Sapphire Vege Crackers","350 g","₹225","","","12 mins","ADD","","https://cdn.grofers.com/cdn-cgi/image/f=auto,fit=scale-down,q=70,metadata=none,w=270/da/cms-assets/cms/product/302508ed-5558-4bb3-9602-7d5e04ef5265.png","","https://cdn.grofers.com/cdn-cgi/image/f=auto,fit=scale-down,q=70,metadata=none,w=90/assets/eta-icons/15-mins.png"
"1775624692-163","https://blinkit.com/cn/bakery-biscuits/rusks-wafers/cid/888/107","Delfi Twister Vanilla Wafer Roll","320 g","₹300","","","12 mins","ADD","","https://cdn.grofers.com/cdn-cgi/image/f=auto,fit=scale-down,q=70,metadata=none,w=270/da/cms-assets/cms/product/adbf2152-e31b-469d-ac4e-bdb9e350ecaa.png","","https://cdn.grofers.com/cdn-cgi/image/f=auto,fit=scale-down,q=70,metadata=none,w=90/assets/eta-icons/15-mins.png"
"1775624692-164","https://blinkit.com/cn/bakery-biscuits/rusks-wafers/cid/888/107","Dukes Duetz Waffy - Strawberry & Orange Wafers","50 g","₹50","","","12 mins","ADD","","https://cdn.grofers.com/cdn-cgi/image/f=auto,fit=scale-down,q=70,metadata=none,w=270/da/cms-assets/cms/product/d75a93a1-9252-45d8-b995-f02193c305ef.png","","https://cdn.grofers.com/cdn-cgi/image/f=auto,fit=scale-down,q=70,metadata=none,w=90/assets/eta-icons/15-mins.png"
"1775624692-165","https://blinkit.com/cn/bakery-biscuits/rusks-wafers/cid/888/107","Loacker Minis Assorted Wafer Chocolate Pack","25 x 10 g","₹630","₹699","9%
OFF","12 mins","ADD","","https://cdn.grofers.com/cdn-cgi/image/f=auto,fit=scale-down,q=70,metadata=none,w=270/da/cms-assets/cms/product/b2d399d4-406b-4e80-9e7a-7305bce9d2e2.png","","https://cdn.grofers.com/cdn-cgi/image/f=auto,fit=scale-down,q=70,metadata=none,w=90/assets/eta-icons/15-mins.png"
"1775624692-166","https://blinkit.com/cn/bakery-biscuits/rusks-wafers/cid/888/107","Dukes Chocolate Flavoured Wafer Bar Creamy & Crunchy","360 g","₹114","₹120","5%
OFF","12 mins","ADD","","https://cdn.grofers.com/cdn-cgi/image/f=auto,fit=scale-down,q=70,metadata=none,w=270/da/cms-assets/cms/product/rc-upload-1770221714496-238.png","","https://cdn.grofers.com/cdn-cgi/image/f=auto,fit=scale-down,q=70,metadata=none,w=90/assets/eta-icons/15-mins.png"
"1775624692-167","https://blinkit.com/cn/bakery-biscuits/rusks-wafers/cid/888/107","Loacker Classic Napolitaner Wafer Biscuit","4 x 45 g","₹540","₹599","9%
OFF","12 mins","ADD","","https://cdn.grofers.com/cdn-cgi/image/f=auto,fit=scale-down,q=70,metadata=none,w=270/da/cms-assets/cms/product/9849b6ef-43bd-4f3f-975e-05a1ab197648.png","","https://cdn.grofers.com/cdn-cgi/image/f=auto,fit=scale-down,q=70,metadata=none,w=90/assets/eta-icons/15-mins.png"
"1775624692-168","https://blinkit.com/cn/bakery-biscuits/rusks-wafers/cid/888/107","Tata Soulfull No Maida Butter Rusk","183 g","₹40","","Out of Stock","12 mins","","","https://cdn.grofers.com/cdn-cgi/image/f=auto,fit=scale-down,q=70,metadata=none,w=270/da/cms-assets/cms/product/c3d38f8c-dd7a-4cdb-ad63-8e4e61759478.png","","https://cdn.grofers.com/cdn-cgi/image/f=auto,fit=scale-down,q=70,metadata=none,w=90/assets/eta-icons/15-mins.png"
"1775624692-169","https://blinkit.com/cn/bakery-biscuits/rusks-wafers/cid/888/107","Tata Soulfull Elaichi No Maida Rusk","183 g","₹40","","Out of Stock","12 mins","","","https://cdn.grofers.com/cdn-cgi/image/f=auto,fit=scale-down,q=70,metadata=none,w=270/da/cms-assets/cms/product/8c9eb774-cb52-4782-9ed6-dc11043a1a5f.png","",""
"1775624692-170","https://blinkit.com/cn/bakery-biscuits/rusks-wafers/cid/888/107","Britannia Toastea Premium Bake Rusk","700 g","₹130","₹140","Out of Stock","12 mins","","","https://cdn.grofers.com/cdn-cgi/image/f=auto,fit=scale-down,q=70,metadata=none,w=270/da/cms-assets/cms/product/10689a98-8ed1-42d3-b4c9-adec2615152c.png","",""
"1775624692-171","https://blinkit.com/cn/bakery-biscuits/rusks-wafers/cid/888/107","Dukes Waffy Strawberry Wafer Roll","250 g","₹90","₹165","Out of Stock","12 mins","","","https://cdn.grofers.com/cdn-cgi/image/f=auto,fit=scale-down,q=70,metadata=none,w=270/da/cms-assets/cms/product/ddf9f674-7113-4d90-b64e-199f84becf86.png","",""
"1775624692-172","https://blinkit.com/cn/bakery-biscuits/rusks-wafers/cid/888/107","Pintola Wholegrain Brown Rice Rice Cake","130 g","₹131","₹160","Out of Stock","12 mins","","","https://cdn.grofers.com/cdn-cgi/image/f=auto,fit=scale-down,q=70,metadata=none,w=270/da/cms-assets/cms/product/rc-upload-1775446787912-292.png","",""
"1775624692-173","https://blinkit.com/cn/bakery-biscuits/rusks-wafers/cid/888/107","Pocky Double Chocolate Covered Biscuit Sticks","47 g","₹178","","Out of Stock","12 mins","","","https://cdn.grofers.com/cdn-cgi/image/f=auto,fit=scale-down,q=70,metadata=none,w=270/da/cms-assets/cms/product/rc-upload-1773899178867-19.png","",""
"1775624692-174","https://blinkit.com/cn/bakery-biscuits/rusks-wafers/cid/888/107","Jaggic Gud Rusk","400 g","₹170","","Out of Stock","14 mins","","","https://cdn.grofers.com/cdn-cgi/image/f=auto,fit=scale-down,q=70,metadata=none,w=270/da/cms-assets/cms/product/0415c4e2-c5d9-4c05-91f0-6465d4bb97a7.png","",""
"1775624692-175","https://blinkit.com/cn/bakery-biscuits/rusks-wafers/cid/888/107","Tata Soulfull Elaichi No Maida Rusk","183 g","₹40","","Out of Stock","12 mins","","","https://cdn.grofers.com/cdn-cgi/image/f=auto,fit=scale-down,q=70,metadata=none,w=270/da/cms-assets/cms/product/8c9eb774-cb52-4782-9ed6-dc11043a1a5f.png","","https://cdn.grofers.com/cdn-cgi/image/f=auto,fit=scale-down,q=70,metadata=none,w=90/assets/eta-icons/15-mins.png"
"1775624692-176","https://blinkit.com/cn/bakery-biscuits/rusks-wafers/cid/888/107","Britannia Toastea Premium Bake Rusk","700 g","₹130","₹140","Out of Stock","12 mins","","","https://cdn.grofers.com/cdn-cgi/image/f=auto,fit=scale-down,q=70,metadata=none,w=270/da/cms-assets/cms/product/10689a98-8ed1-42d3-b4c9-adec2615152c.png","","https://cdn.grofers.com/cdn-cgi/image/f=auto,fit=scale-down,q=70,metadata=none,w=90/assets/eta-icons/15-mins.png"
"1775624692-177","https://blinkit.com/cn/bakery-biscuits/rusks-wafers/cid/888/107","Dukes Waffy Strawberry Wafer Roll","250 g","₹90","₹165","Out of Stock","12 mins","","","https://cdn.grofers.com/cdn-cgi/image/f=auto,fit=scale-down,q=70,metadata=none,w=270/da/cms-assets/cms/product/ddf9f674-7113-4d90-b64e-199f84becf86.png","","https://cdn.grofers.com/cdn-cgi/image/f=auto,fit=scale-down,q=70,metadata=none,w=90/assets/eta-icons/15-mins.png"
"1775624692-178","https://blinkit.com/cn/bakery-biscuits/rusks-wafers/cid/888/107","Pintola Wholegrain Brown Rice Rice Cake","130 g","₹131","₹160","Out of Stock","12 mins","","","https://cdn.grofers.com/cdn-cgi/image/f=auto,fit=scale-down,q=70,metadata=none,w=270/da/cms-assets/cms/product/rc-upload-1775446787912-292.png","","https://cdn.grofers.com/cdn-cgi/image/f=auto,fit=scale-down,q=70,metadata=none,w=90/assets/eta-icons/15-mins.png"
"1775624692-179","https://blinkit.com/cn/bakery-biscuits/rusks-wafers/cid/888/107","Pocky Double Chocolate Covered Biscuit Sticks","47 g","₹178","","Out of Stock","12 mins","","","https://cdn.grofers.com/cdn-cgi/image/f=auto,fit=scale-down,q=70,metadata=none,w=270/da/cms-assets/cms/product/rc-upload-1773899178867-19.png","","https://cdn.grofers.com/cdn-cgi/image/f=auto,fit=scale-down,q=70,metadata=none,w=90/assets/eta-icons/15-mins.png"
"1775624692-180","https://blinkit.com/cn/bakery-biscuits/rusks-wafers/cid/888/107","Jaggic Gud Rusk","400 g","₹170","","Out of Stock","14 mins","","","https://cdn.grofers.com/cdn-cgi/image/f=auto,fit=scale-down,q=70,metadata=none,w=270/da/cms-assets/cms/product/0415c4e2-c5d9-4c05-91f0-6465d4bb97a7.png","","https://cdn.grofers.com/cdn-cgi/image/f=auto,fit=scale-down,q=70,metadata=none,w=90/assets/eta-icons/15-mins.png"
"1775624692-181","https://blinkit.com/cn/bakery-biscuits/rusks-wafers/cid/888/107","Tiffany Crunch N Cream Wafer Bar (Hazelnut)","65 g","₹58","₹60","Out of Stock","12 mins","","","https://cdn.grofers.com/cdn-cgi/image/f=auto,fit=scale-down,q=70,metadata=none,w=270/da/cms-assets/cms/product/rc-upload-1770221714496-187.png","","https://cdn.grofers.com/cdn-cgi/image/f=auto,fit=scale-down,q=70,metadata=none,w=90/assets/eta-icons/15-mins.png"
"1775624692-182","https://blinkit.com/cn/bakery-biscuits/rusks-wafers/cid/888/107","Unwrap Happiness Crispetti Bruschetta Rusk","150 g","₹159","₹250","Out of Stock","14 mins","","","https://cdn.grofers.com/cdn-cgi/image/f=auto,fit=scale-down,q=70,metadata=none,w=270/da/cms-assets/cms/product/b1f5557e-a84f-4e26-be13-7decde942c54.png","","https://cdn.grofers.com/cdn-cgi/image/f=auto,fit=scale-down,q=70,metadata=none,w=90/assets/eta-icons/15-mins.png"
"1775624692-183","https://blinkit.com/cn/bakery-biscuits/rusks-wafers/cid/888/107","Oreo Chocolate Wafer Roll (Creamy & Munchy)","54 g","₹199","","Out of Stock","12 mins","","","https://cdn.grofers.com/cdn-cgi/image/f=auto,fit=scale-down,q=70,metadata=none,w=270/da/cms-assets/cms/product/3cae9c4e-d542-4d3f-8492-4ca4389c9603.png","",""
"1775624692-184","https://blinkit.com/cn/bakery-biscuits/rusks-wafers/cid/888/107","Tiffany Crunch N Cream Wafer Bar (Strawberry)","65 g","₹58","₹60","Out of Stock","12 mins","","","https://cdn.grofers.com/cdn-cgi/image/f=auto,fit=scale-down,q=70,metadata=none,w=270/da/cms-assets/cms/product/rc-upload-1770221714496-205.png","","https://cdn.grofers.com/cdn-cgi/image/f=auto,fit=scale-down,q=70,metadata=none,w=90/assets/eta-icons/15-mins.png"
"1775624692-185","https://blinkit.com/cn/bakery-biscuits/rusks-wafers/cid/888/107","Unwrap Happiness Baked Lavash","2 x 100 g","₹259","₹400","Out of Stock","14 mins","","","https://cdn.grofers.com/cdn-cgi/image/f=auto,fit=scale-down,q=70,metadata=none,w=270/da/cms-assets/cms/product/c119ed1c-1d5d-458a-97b3-e9d7abb77586.png","","https://cdn.grofers.com/cdn-cgi/image/f=auto,fit=scale-down,q=70,metadata=none,w=90/assets/eta-icons/15-mins.png"
"1775624692-186","https://blinkit.com/cn/bakery-biscuits/rusks-wafers/cid/888/107","Dukes Waffy Dark Vanilla Flavoured Wafer Roll","300 g","₹213","₹280","Out of Stock","12 mins","","","","",""
"1775624692-187","https://blinkit.com/cn/bakery-biscuits/rusks-wafers/cid/888/107","Dukes Waffy Hazelnut Flavoured Wafer Roll","300 g","₹235","₹300","Out of Stock","12 mins","","","","",""
"1775624692-188","https://blinkit.com/cn/bakery-biscuits/rusks-wafers/cid/888/107","Batter Chatter Elaichi Rusk - Pack of 2","2 x 300 g","₹93","₹100","Out of Stock","12 mins","","","","",""
"1775624692-189","https://blinkit.com/cn/bakery-biscuits/rusks-wafers/cid/888/107","Delfi Twister Chocolate Cream Wafer Roll","320 g","₹300","","Out of Stock","12 mins","","","","",""
"1775624692-190","https://blinkit.com/cn/bakery-biscuits/rusks-wafers/cid/888/107","Natible Foxtail Millet Rusk","220 g","₹160","₹180","Out of Stock","14 mins","","","","",""
"1775624692-191","https://blinkit.com/cn/bakery-biscuits/rusks-wafers/cid/888/107","The Baker's Dozen High Protein Ragi Chips","100 g","₹129","","Out of Stock","12 mins","","","https://cdn.grofers.com/cdn-cgi/image/f=auto,fit=scale-down,q=70,metadata=none,w=270/da/cms-assets/cms/product/rc-upload-1773730238054-478.png","","https://cdn.grofers.com/cdn-cgi/image/f=auto,fit=scale-down,q=70,metadata=none,w=90/assets/eta-icons/15-mins.png"
"1775624692-192","https://blinkit.com/cn/bakery-biscuits/rusks-wafers/cid/888/107","Oreo Chocolate Wafer Roll (Creamy & Munchy)","54 g","₹199","","Out of Stock","12 mins","","","https://cdn.grofers.com/cdn-cgi/image/f=auto,fit=scale-down,q=70,metadata=none,w=270/da/cms-assets/cms/product/3cae9c4e-d542-4d3f-8492-4ca4389c9603.png","","https://cdn.grofers.com/cdn-cgi/image/f=auto,fit=scale-down,q=70,metadata=none,w=90/assets/eta-icons/15-mins.png"
"1775624692-193","https://blinkit.com/cn/bakery-biscuits/rusks-wafers/cid/888/107","Dukes Waffy Dark Vanilla Flavoured Wafer Roll","300 g","₹213","₹280","Out of Stock","12 mins","","","https://cdn.grofers.com/cdn-cgi/image/f=auto,fit=scale-down,q=70,metadata=none,w=270/da/cms-assets/cms/product/94c8c6c1-2e2a-4a0f-a95d-0aa2c8d450ee.png","","https://cdn.grofers.com/cdn-cgi/image/f=auto,fit=scale-down,q=70,metadata=none,w=90/assets/eta-icons/15-mins.png"
"1775624692-194","https://blinkit.com/cn/bakery-biscuits/rusks-wafers/cid/888/107","Dukes Waffy Hazelnut Flavoured Wafer Roll","300 g","₹235","₹300","Out of Stock","12 mins","","","https://cdn.grofers.com/cdn-cgi/image/f=auto,fit=scale-down,q=70,metadata=none,w=270/da/cms-assets/cms/product/b3e01bc0-165f-4467-9718-6197d0159ba9.png","","https://cdn.grofers.com/cdn-cgi/image/f=auto,fit=scale-down,q=70,metadata=none,w=90/assets/eta-icons/15-mins.png"
"1775624692-195","https://blinkit.com/cn/bakery-biscuits/rusks-wafers/cid/888/107","Batter Chatter Elaichi Rusk - Pack of 2","2 x 300 g","₹93","₹100","Out of Stock","12 mins","","","https://cdn.grofers.com/cdn-cgi/image/f=auto,fit=scale-down,q=70,metadata=none,w=270/da/cms-assets/cms/product/25df3664-609c-4ec3-9103-0c2eb1216c46.png","","https://cdn.grofers.com/cdn-cgi/image/f=auto,fit=scale-down,q=70,metadata=none,w=90/assets/eta-icons/15-mins.png"
"1775624692-196","https://blinkit.com/cn/bakery-biscuits/rusks-wafers/cid/888/107","Delfi Twister Chocolate Cream Wafer Roll","320 g","₹300","","Out of Stock","12 mins","","","https://cdn.grofers.com/cdn-cgi/image/f=auto,fit=scale-down,q=70,metadata=none,w=270/da/cms-assets/cms/product/348e719d-e4f0-4eb1-bfd8-89d022ef51b9.png","","https://cdn.grofers.com/cdn-cgi/image/f=auto,fit=scale-down,q=70,metadata=none,w=90/assets/eta-icons/15-mins.png"
"1775624692-197","https://blinkit.com/cn/bakery-biscuits/rusks-wafers/cid/888/107","Natible Foxtail Millet Rusk","220 g","₹160","₹180","Out of Stock","14 mins","","","https://cdn.grofers.com/cdn-cgi/image/f=auto,fit=scale-down,q=70,metadata=none,w=270/da/cms-assets/cms/product/257cc59f-fc3d-406a-8fa5-faafbb94ed75.png","","https://cdn.grofers.com/cdn-cgi/image/f=auto,fit=scale-down,q=70,metadata=none,w=90/assets/eta-icons/15-mins.png"
"1775624692-198","https://blinkit.com/cn/bakery-biscuits/rusks-wafers/cid/888/107","The Baker's Dozen High Protein Ragi Chips","100 g","₹129","","Out of Stock","12 mins","","","https://cdn.grofers.com/cdn-cgi/image/f=auto,fit=scale-down,q=70,metadata=none,w=270/da/cms-assets/cms/product/rc-upload-1773730238054-478.png","","https://cdn.grofers.com/cdn-cgi/image/f=auto,fit=scale-down,q=70,metadata=none,w=90/assets/eta-icons/15-mins.png"
"1775624692-199","https://blinkit.com/cn/bakery-biscuits/rusks-wafers/cid/888/107","The Baker's Dozen High Protein Ragi Chips","100 g","₹129","","Out of Stock","12 mins","","","https://cdn.grofers.com/cdn-cgi/image/f=auto,fit=scale-down,q=70,metadata=none,w=270/da/cms-assets/cms/product/rc-upload-1773730238054-478.png","","https://cdn.grofers.com/cdn-cgi/image/f=auto,fit=scale-down,q=70,metadata=none,w=90/assets/eta-icons/15-mins.png"
