web_scraper_order,web_scraper_start_url,data,data2,data3,data4,data5,data6,data7,image,image2,image3
"1775622422-1","https://blinkit.com/cn/instant-frozen-food/herbs-seasoning/cid/15/1968","On1y Popcorn Cheese Seasoning Mix","130 g","₹120","₹149","19%
OFF","11 mins","ADD","https://cdn.grofers.com/cdn-cgi/image/f=auto,fit=scale-down,q=70,metadata=none,w=270/da/cms-assets/cms/product/230582fc-a6ae-4be4-920c-6ff00c8a82d7.png","https://cdn.grofers.com/cdn-cgi/image/f=auto,fit=scale-down,q=70,metadata=none,w=90/assets/ui/ad_without_bg.png","https://cdn.grofers.com/cdn-cgi/image/f=auto,fit=scale-down,q=70,metadata=none,w=90/assets/eta-icons/15-mins.png"
"1775622422-2","https://blinkit.com/cn/instant-frozen-food/herbs-seasoning/cid/15/1968","Snapin Oregano Seasoning","50 g","₹49","₹55","10%
OFF","11 mins","ADD","https://cdn.grofers.com/cdn-cgi/image/f=auto,fit=scale-down,q=70,metadata=none,w=270/da/cms-assets/cms/product/fa7569e0-b073-4b1b-991b-5158ba1ba47a.png","","https://cdn.grofers.com/cdn-cgi/image/f=auto,fit=scale-down,q=70,metadata=none,w=90/assets/eta-icons/15-mins.png"
"1775622422-3","https://blinkit.com/cn/instant-frozen-food/herbs-seasoning/cid/15/1968","Keya Pizza Oregano Spice Mix","40 g","₹53","₹60","11%
OFF","11 mins","ADD","https://cdn.grofers.com/cdn-cgi/image/f=auto,fit=scale-down,q=70,metadata=none,w=270/da/cms-assets/cms/product/b012c27e-acb5-4900-89ab-1a19f3566fe2.png","","https://cdn.grofers.com/cdn-cgi/image/f=auto,fit=scale-down,q=70,metadata=none,w=90/assets/eta-icons/15-mins.png"
"1775622422-4","https://blinkit.com/cn/instant-frozen-food/herbs-seasoning/cid/15/1968","Keya Red Chilli Flakes","40 g","₹88","₹99","11%
OFF","11 mins","ADD","https://cdn.grofers.com/cdn-cgi/image/f=auto,fit=scale-down,q=70,metadata=none,w=270/da/cms-assets/cms/product/452bd8f8-5a17-43ee-b818-db95d52f3edc.png","","https://cdn.grofers.com/cdn-cgi/image/f=auto,fit=scale-down,q=70,metadata=none,w=90/assets/eta-icons/15-mins.png"
"1775622422-5","https://blinkit.com/cn/instant-frozen-food/herbs-seasoning/cid/15/1968","On1y Piri Piri Cheese Seasoning Mix","130 g","₹128","₹159","19%
OFF","11 mins","ADD","https://cdn.grofers.com/cdn-cgi/image/f=auto,fit=scale-down,q=70,metadata=none,w=270/da/cms-assets/cms/product/099fb95e-4ecc-4a15-aa68-5dade1b80970.png","https://cdn.grofers.com/cdn-cgi/image/f=auto,fit=scale-down,q=70,metadata=none,w=90/assets/ui/ad_without_bg.png","https://cdn.grofers.com/cdn-cgi/image/f=auto,fit=scale-down,q=70,metadata=none,w=90/assets/eta-icons/15-mins.png"
"1775622422-6","https://blinkit.com/cn/instant-frozen-food/herbs-seasoning/cid/15/1968","Snapin Chilli Flakes","10 x 3 g","₹45","₹55","18%
OFF","11 mins","ADD","https://cdn.grofers.com/cdn-cgi/image/f=auto,fit=scale-down,q=70,metadata=none,w=270/da/cms-assets/cms/product/77089d42-0505-4c5c-8857-011a049f0299.png","","https://cdn.grofers.com/cdn-cgi/image/f=auto,fit=scale-down,q=70,metadata=none,w=90/assets/eta-icons/15-mins.png"
"1775622422-7","https://blinkit.com/cn/instant-frozen-food/herbs-seasoning/cid/15/1968","Snapin Oregano Seasoning +  Chilli Flakes Combo","50 g + 10 x 3 g","₹85","₹110","22%
OFF","11 mins","ADD","https://cdn.grofers.com/cdn-cgi/image/f=auto,fit=scale-down,q=70,metadata=none,w=270/da/cms-assets/cms/product/ecb8e527-218a-47ab-a532-04013f246419.png","","https://cdn.grofers.com/cdn-cgi/image/f=auto,fit=scale-down,q=70,metadata=none,w=90/assets/eta-icons/15-mins.png"
"1775622422-8","https://blinkit.com/cn/instant-frozen-food/herbs-seasoning/cid/15/1968","Snapin Pizza Oregano Mix Seasoning","48 g","₹95","₹99","","11 mins","ADD","https://cdn.grofers.com/cdn-cgi/image/f=auto,fit=scale-down,q=70,metadata=none,w=270/da/cms-assets/cms/product/066f0ef8-130e-41e1-8230-b91ba0299aa6.png","","https://cdn.grofers.com/cdn-cgi/image/f=auto,fit=scale-down,q=70,metadata=none,w=90/assets/eta-icons/15-mins.png"
"1775622422-9","https://blinkit.com/cn/instant-frozen-food/herbs-seasoning/cid/15/1968","Orika All- Purpose Korean Seasoning","75 g","₹71","₹112","36%
OFF","11 mins","ADD","https://cdn.grofers.com/cdn-cgi/image/f=auto,fit=scale-down,q=70,metadata=none,w=270/da/cms-assets/cms/product/f8de93e5-101a-416c-8ca5-24f4f17bd32f.png","https://cdn.grofers.com/cdn-cgi/image/f=auto,fit=scale-down,q=70,metadata=none,w=90/assets/ui/ad_without_bg.png","https://cdn.grofers.com/cdn-cgi/image/f=auto,fit=scale-down,q=70,metadata=none,w=90/assets/eta-icons/15-mins.png"
"1775622422-10","https://blinkit.com/cn/instant-frozen-food/herbs-seasoning/cid/15/1968","Keya Pizza Oregano","75 g","₹105","₹119","11%
OFF","11 mins","ADD","https://cdn.grofers.com/cdn-cgi/image/f=auto,fit=scale-down,q=70,metadata=none,w=270/da/cms-assets/cms/product/adaee9e7-1b2e-467a-817b-ac94bbea27c4.png","","https://cdn.grofers.com/cdn-cgi/image/f=auto,fit=scale-down,q=70,metadata=none,w=90/assets/eta-icons/15-mins.png"
"1775622422-11","https://blinkit.com/cn/instant-frozen-food/herbs-seasoning/cid/15/1968","Keya Pizza Oregano Spice Mix +  Pizza Chilli Flakes Multipack Combo","40 g + 20 g","₹86","₹120","28%
OFF","11 mins","ADD","https://cdn.grofers.com/cdn-cgi/image/f=auto,fit=scale-down,q=70,metadata=none,w=270/da/cms-assets/cms/product/20f83ba3-a194-4601-be87-938f1d85c807.png","","https://cdn.grofers.com/cdn-cgi/image/f=auto,fit=scale-down,q=70,metadata=none,w=90/assets/eta-icons/15-mins.png"
"1775622422-12","https://blinkit.com/cn/instant-frozen-food/herbs-seasoning/cid/15/1968","Keya Pizza Chilli Flakes Multipack","20 g","₹53","₹60","11%
OFF","11 mins","ADD","https://cdn.grofers.com/cdn-cgi/image/f=auto,fit=scale-down,q=70,metadata=none,w=270/da/cms-assets/cms/product/6d05eedf-e341-49f3-806c-a334107ac55d.png","","https://cdn.grofers.com/cdn-cgi/image/f=auto,fit=scale-down,q=70,metadata=none,w=90/assets/eta-icons/15-mins.png"
"1775622422-13","https://blinkit.com/cn/instant-frozen-food/herbs-seasoning/cid/15/1968","Orika Oregano Pizza Italian Seasoning","60 g","₹98","₹125","21%
OFF","11 mins","ADD","","",""
"1775622422-14","https://blinkit.com/cn/instant-frozen-food/herbs-seasoning/cid/15/1968","On1y Parsley Leaves","9 g","₹95","₹109","12%
OFF","11 mins","ADD","","",""
"1775622422-15","https://blinkit.com/cn/instant-frozen-food/herbs-seasoning/cid/15/1968","Organic Box Rosemary Dried Leaves","100 g","₹174","₹299","41%
OFF","9 mins","ADD","","",""
"1775622422-16","https://blinkit.com/cn/instant-frozen-food/herbs-seasoning/cid/15/1968","Orika Red Chilli Flakes Sprinkler","45 g","₹56","₹105","46%
OFF","11 mins","ADD","","",""
"1775622422-17","https://blinkit.com/cn/instant-frozen-food/herbs-seasoning/cid/15/1968","Orika Oregano Pizza Italian Seasoning","65 x 0.8 g","₹70","₹93","24%
OFF","11 mins","ADD","","",""
"1775622422-18","https://blinkit.com/cn/instant-frozen-food/herbs-seasoning/cid/15/1968","Orika Oregano","16 g","₹62","₹115","46%
OFF","11 mins","ADD","","",""
"1775622422-19","https://blinkit.com/cn/instant-frozen-food/herbs-seasoning/cid/15/1968","On1y Pizza Oregano Mix","80 g","₹59","₹119","50%
OFF","11 mins","ADD","","",""
"1775622422-20","https://blinkit.com/cn/instant-frozen-food/herbs-seasoning/cid/15/1968","Snapin Mixed Herbs Seasoning","27 g","₹99","₹109","9%
OFF","11 mins","ADD","","",""
"1775622422-21","https://blinkit.com/cn/instant-frozen-food/herbs-seasoning/cid/15/1968","On1y Pizza Seasoning","28 g","₹76","₹99","23%
OFF","11 mins","ADD","","",""
"1775622422-22","https://blinkit.com/cn/instant-frozen-food/herbs-seasoning/cid/15/1968","Snapin Oregano","20 g","₹95","₹99","","11 mins","ADD","","",""
"1775622422-23","https://blinkit.com/cn/instant-frozen-food/herbs-seasoning/cid/15/1968","Keya Garlic Powder","55 g","₹77","₹99","22%
OFF","11 mins","ADD","","",""
"1775622422-24","https://blinkit.com/cn/instant-frozen-food/herbs-seasoning/cid/15/1968","Snapin Red Chilli Flakes Seasoning","35 g","₹81","₹90","10%
OFF","11 mins","ADD","","",""
"1775622422-25","https://blinkit.com/cn/instant-frozen-food/herbs-seasoning/cid/15/1968","Snapin Piri Piri Mix","10 x 4 g","₹45","₹55","18%
OFF","11 mins","ADD","","",""
"1775622422-26","https://blinkit.com/cn/instant-frozen-food/herbs-seasoning/cid/15/1968","MasterChow Crunchy Garlic Chilli Crisp","170 g","₹291","₹400","27%
OFF","11 mins","ADD","","",""
"1775622422-27","https://blinkit.com/cn/instant-frozen-food/herbs-seasoning/cid/15/1968","Snapin Oregano +  Red Chilli Flakes Seasoning Combo","20 g + 35 g","₹165","₹189","12%
OFF","11 mins","ADD","","",""
"1775622422-28","https://blinkit.com/cn/instant-frozen-food/herbs-seasoning/cid/15/1968","Keya Basil Leaves","12 g","₹123","₹139","11%
OFF","11 mins","ADD","","",""
"1775622422-29","https://blinkit.com/cn/instant-frozen-food/herbs-seasoning/cid/15/1968","Keya Mixed Herbs Seasoning","23 g","₹119","₹139","14%
OFF","11 mins","ADD","","",""
"1775622422-30","https://blinkit.com/cn/instant-frozen-food/herbs-seasoning/cid/15/1968","Keya Oregano Seasoning","50 g","₹115","₹130","11%
OFF","11 mins","ADD","","",""
"1775622422-31","https://blinkit.com/cn/instant-frozen-food/herbs-seasoning/cid/15/1968","Orika Oregano Pizza Italian Seasoning","60 g","₹98","₹125","21%
OFF","11 mins","ADD","https://cdn.grofers.com/cdn-cgi/image/f=auto,fit=scale-down,q=70,metadata=none,w=270/da/cms-assets/cms/product/7efc880e-3425-41e7-8aac-9c74e19e878a.png","https://cdn.grofers.com/cdn-cgi/image/f=auto,fit=scale-down,q=70,metadata=none,w=90/assets/ui/ad_without_bg.png","https://cdn.grofers.com/cdn-cgi/image/f=auto,fit=scale-down,q=70,metadata=none,w=90/assets/eta-icons/15-mins.png"
"1775622422-32","https://blinkit.com/cn/instant-frozen-food/herbs-seasoning/cid/15/1968","On1y Parsley Leaves","9 g","₹95","₹109","12%
OFF","11 mins","ADD","https://cdn.grofers.com/cdn-cgi/image/f=auto,fit=scale-down,q=70,metadata=none,w=270/da/cms-assets/cms/product/815ce5db-e664-4271-8722-29153efd0c67.png","","https://cdn.grofers.com/cdn-cgi/image/f=auto,fit=scale-down,q=70,metadata=none,w=90/assets/eta-icons/15-mins.png"
"1775622422-33","https://blinkit.com/cn/instant-frozen-food/herbs-seasoning/cid/15/1968","Organic Box Rosemary Dried Leaves","100 g","₹174","₹299","41%
OFF","9 mins","ADD","https://cdn.grofers.com/cdn-cgi/image/f=auto,fit=scale-down,q=70,metadata=none,w=270/da/cms-assets/cms/product/4496397e-a238-4ae3-9bc6-67e915fd735d.png","","https://cdn.grofers.com/cdn-cgi/image/f=auto,fit=scale-down,q=70,metadata=none,w=90/assets/eta-icons/15-mins.png"
"1775622422-34","https://blinkit.com/cn/instant-frozen-food/herbs-seasoning/cid/15/1968","Orika Red Chilli Flakes Sprinkler","45 g","₹56","₹105","46%
OFF","11 mins","ADD","https://cdn.grofers.com/cdn-cgi/image/f=auto,fit=scale-down,q=70,metadata=none,w=270/da/cms-assets/cms/product/5e8429f8-8c8e-487b-9433-9e3f1409dbd2.png","https://cdn.grofers.com/cdn-cgi/image/f=auto,fit=scale-down,q=70,metadata=none,w=90/assets/ui/ad_without_bg.png","https://cdn.grofers.com/cdn-cgi/image/f=auto,fit=scale-down,q=70,metadata=none,w=90/assets/eta-icons/15-mins.png"
"1775622422-35","https://blinkit.com/cn/instant-frozen-food/herbs-seasoning/cid/15/1968","Orika Oregano Pizza Italian Seasoning","65 x 0.8 g","₹70","₹93","24%
OFF","11 mins","ADD","https://cdn.grofers.com/cdn-cgi/image/f=auto,fit=scale-down,q=70,metadata=none,w=270/da/cms-assets/cms/product/3c377299-bb93-415e-a0d2-fba4030c93cc.png","https://cdn.grofers.com/cdn-cgi/image/f=auto,fit=scale-down,q=70,metadata=none,w=90/assets/ui/ad_without_bg.png","https://cdn.grofers.com/cdn-cgi/image/f=auto,fit=scale-down,q=70,metadata=none,w=90/assets/eta-icons/15-mins.png"
"1775622422-36","https://blinkit.com/cn/instant-frozen-food/herbs-seasoning/cid/15/1968","Orika Oregano","16 g","₹62","₹115","46%
OFF","11 mins","ADD","https://cdn.grofers.com/cdn-cgi/image/f=auto,fit=scale-down,q=70,metadata=none,w=270/da/cms-assets/cms/product/0551a4e0-724b-4736-8db6-f5a8a62c3bc9.png","https://cdn.grofers.com/cdn-cgi/image/f=auto,fit=scale-down,q=70,metadata=none,w=90/assets/ui/ad_without_bg.png","https://cdn.grofers.com/cdn-cgi/image/f=auto,fit=scale-down,q=70,metadata=none,w=90/assets/eta-icons/15-mins.png"
"1775622422-37","https://blinkit.com/cn/instant-frozen-food/herbs-seasoning/cid/15/1968","On1y Pizza Oregano Mix","80 g","₹59","₹119","50%
OFF","11 mins","ADD","https://cdn.grofers.com/cdn-cgi/image/f=auto,fit=scale-down,q=70,metadata=none,w=270/da/cms-assets/cms/product/9b6a04fb-f4a9-447e-bfef-624c7aef7b2f.png","https://cdn.grofers.com/cdn-cgi/image/f=auto,fit=scale-down,q=70,metadata=none,w=90/assets/ui/ad_without_bg.png","https://cdn.grofers.com/cdn-cgi/image/f=auto,fit=scale-down,q=70,metadata=none,w=90/assets/eta-icons/15-mins.png"
"1775622422-38","https://blinkit.com/cn/instant-frozen-food/herbs-seasoning/cid/15/1968","Snapin Mixed Herbs Seasoning","27 g","₹99","₹109","9%
OFF","11 mins","ADD","https://cdn.grofers.com/cdn-cgi/image/f=auto,fit=scale-down,q=70,metadata=none,w=270/da/cms-assets/cms/product/6f6e45e3-2ab1-46ed-a2fc-316708789954.png","","https://cdn.grofers.com/cdn-cgi/image/f=auto,fit=scale-down,q=70,metadata=none,w=90/assets/eta-icons/15-mins.png"
"1775622422-39","https://blinkit.com/cn/instant-frozen-food/herbs-seasoning/cid/15/1968","On1y Pizza Seasoning","28 g","₹76","₹99","23%
OFF","11 mins","ADD","https://cdn.grofers.com/cdn-cgi/image/f=auto,fit=scale-down,q=70,metadata=none,w=270/da/cms-assets/cms/product/aa3f4ce9-f63c-4ab7-921f-7b8f32ef3c48.png","https://cdn.grofers.com/cdn-cgi/image/f=auto,fit=scale-down,q=70,metadata=none,w=90/assets/ui/ad_without_bg.png","https://cdn.grofers.com/cdn-cgi/image/f=auto,fit=scale-down,q=70,metadata=none,w=90/assets/eta-icons/15-mins.png"
"1775622422-40","https://blinkit.com/cn/instant-frozen-food/herbs-seasoning/cid/15/1968","Snapin Oregano","20 g","₹95","₹99","","11 mins","ADD","https://cdn.grofers.com/cdn-cgi/image/f=auto,fit=scale-down,q=70,metadata=none,w=270/da/cms-assets/cms/product/11a1480d-d4d7-4a83-be63-eea550d29ab5.png","","https://cdn.grofers.com/cdn-cgi/image/f=auto,fit=scale-down,q=70,metadata=none,w=90/assets/eta-icons/15-mins.png"
"1775622422-41","https://blinkit.com/cn/instant-frozen-food/herbs-seasoning/cid/15/1968","Keya Garlic Powder","55 g","₹77","₹99","22%
OFF","11 mins","ADD","https://cdn.grofers.com/cdn-cgi/image/f=auto,fit=scale-down,q=70,metadata=none,w=270/da/cms-assets/cms/product/9f8035ba-6762-4bfe-9c18-24edeee9fd4a.png","","https://cdn.grofers.com/cdn-cgi/image/f=auto,fit=scale-down,q=70,metadata=none,w=90/assets/eta-icons/15-mins.png"
"1775622422-42","https://blinkit.com/cn/instant-frozen-food/herbs-seasoning/cid/15/1968","Snapin Red Chilli Flakes Seasoning","35 g","₹81","₹90","10%
OFF","11 mins","ADD","https://cdn.grofers.com/cdn-cgi/image/f=auto,fit=scale-down,q=70,metadata=none,w=270/da/cms-assets/cms/product/45783e3d-e6d1-4547-81d2-bb43d97b6458.png","","https://cdn.grofers.com/cdn-cgi/image/f=auto,fit=scale-down,q=70,metadata=none,w=90/assets/eta-icons/15-mins.png"
"1775622422-43","https://blinkit.com/cn/instant-frozen-food/herbs-seasoning/cid/15/1968","Snapin Piri Piri Mix","10 x 4 g","₹45","₹55","18%
OFF","11 mins","ADD","https://cdn.grofers.com/cdn-cgi/image/f=auto,fit=scale-down,q=70,metadata=none,w=270/da/cms-assets/cms/product/51341c9d-83e7-4827-a435-2557b10feea1.png","","https://cdn.grofers.com/cdn-cgi/image/f=auto,fit=scale-down,q=70,metadata=none,w=90/assets/eta-icons/15-mins.png"
"1775622422-44","https://blinkit.com/cn/instant-frozen-food/herbs-seasoning/cid/15/1968","MasterChow Crunchy Garlic Chilli Crisp","170 g","₹291","₹400","27%
OFF","11 mins","ADD","https://cdn.grofers.com/cdn-cgi/image/f=auto,fit=scale-down,q=70,metadata=none,w=270/da/cms-assets/cms/product/9b2636bf-c80b-4681-8d35-3667f5582498.png","","https://cdn.grofers.com/cdn-cgi/image/f=auto,fit=scale-down,q=70,metadata=none,w=90/assets/eta-icons/15-mins.png"
"1775622422-45","https://blinkit.com/cn/instant-frozen-food/herbs-seasoning/cid/15/1968","Snapin Oregano +  Red Chilli Flakes Seasoning Combo","20 g + 35 g","₹165","₹189","12%
OFF","11 mins","ADD","https://cdn.grofers.com/cdn-cgi/image/f=auto,fit=scale-down,q=70,metadata=none,w=270/da/cms-assets/cms/product/8e6faf84-88dc-4a66-a2bb-56d3a52ebffd.png","","https://cdn.grofers.com/cdn-cgi/image/f=auto,fit=scale-down,q=70,metadata=none,w=90/assets/eta-icons/15-mins.png"
"1775622422-46","https://blinkit.com/cn/instant-frozen-food/herbs-seasoning/cid/15/1968","Keya Basil Leaves","12 g","₹123","₹139","11%
OFF","11 mins","ADD","https://cdn.grofers.com/cdn-cgi/image/f=auto,fit=scale-down,q=70,metadata=none,w=270/da/cms-assets/cms/product/c8168859-1edf-40b3-8a5e-a817c38699c0.png","","https://cdn.grofers.com/cdn-cgi/image/f=auto,fit=scale-down,q=70,metadata=none,w=90/assets/eta-icons/15-mins.png"
"1775622422-47","https://blinkit.com/cn/instant-frozen-food/herbs-seasoning/cid/15/1968","Keya Mixed Herbs Seasoning","23 g","₹119","₹139","14%
OFF","11 mins","ADD","https://cdn.grofers.com/cdn-cgi/image/f=auto,fit=scale-down,q=70,metadata=none,w=270/da/cms-assets/cms/product/7eb09ac3-8f4b-427d-b1bc-8cbb72982a3e.png","","https://cdn.grofers.com/cdn-cgi/image/f=auto,fit=scale-down,q=70,metadata=none,w=90/assets/eta-icons/15-mins.png"
"1775622422-48","https://blinkit.com/cn/instant-frozen-food/herbs-seasoning/cid/15/1968","Keya Oregano Seasoning","50 g","₹115","₹130","11%
OFF","11 mins","ADD","https://cdn.grofers.com/cdn-cgi/image/f=auto,fit=scale-down,q=70,metadata=none,w=270/da/cms-assets/cms/product/6df6d347-1ee7-42ff-8d88-93c089bb0a31.png","","https://cdn.grofers.com/cdn-cgi/image/f=auto,fit=scale-down,q=70,metadata=none,w=90/assets/eta-icons/15-mins.png"
"1775622422-49","https://blinkit.com/cn/instant-frozen-food/herbs-seasoning/cid/15/1968","Keya Oregano Seasoning +  Red Chilli Flakes Combo","50 g + 40 g","₹188","₹229","17%
OFF","11 mins","ADD","https://cdn.grofers.com/cdn-cgi/image/f=auto,fit=scale-down,q=70,metadata=none,w=270/da/cms-assets/cms/product/36b402d4-4b9a-4a08-8faa-f3bd8f015c80.png","","https://cdn.grofers.com/cdn-cgi/image/f=auto,fit=scale-down,q=70,metadata=none,w=90/assets/eta-icons/15-mins.png"
"1775622422-50","https://blinkit.com/cn/instant-frozen-food/herbs-seasoning/cid/15/1968","Orika Red Chilli Flakes","65 x 0.8 g","₹56","₹79","29%
OFF","11 mins","ADD","https://cdn.grofers.com/cdn-cgi/image/f=auto,fit=scale-down,q=70,metadata=none,w=270/da/cms-assets/cms/product/3969b97a-8104-4105-b0b9-7530755d5494.png","","https://cdn.grofers.com/cdn-cgi/image/f=auto,fit=scale-down,q=70,metadata=none,w=90/assets/eta-icons/15-mins.png"
"1775622422-51","https://blinkit.com/cn/instant-frozen-food/herbs-seasoning/cid/15/1968","Keya Oregano","15 g","₹99","₹109","9%
OFF","11 mins","ADD","https://cdn.grofers.com/cdn-cgi/image/f=auto,fit=scale-down,q=70,metadata=none,w=270/da/cms-assets/cms/product/rc-upload-1773048060308-205.png","","https://cdn.grofers.com/cdn-cgi/image/f=auto,fit=scale-down,q=70,metadata=none,w=90/assets/eta-icons/15-mins.png"
"1775622422-52","https://blinkit.com/cn/instant-frozen-food/herbs-seasoning/cid/15/1968","Keya Piri Piri Seasoning Sprinkler","90 g","₹99","₹112","11%
OFF","11 mins","ADD","https://cdn.grofers.com/cdn-cgi/image/f=auto,fit=scale-down,q=70,metadata=none,w=270/da/cms-assets/cms/product/945f8d5f-65fd-4023-960c-dd3dbde04d79.png","","https://cdn.grofers.com/cdn-cgi/image/f=auto,fit=scale-down,q=70,metadata=none,w=90/assets/eta-icons/15-mins.png"
"1775622422-53","https://blinkit.com/cn/instant-frozen-food/herbs-seasoning/cid/15/1968","Keya Pizza Seasoning","45 g","₹106","₹130","18%
OFF","11 mins","ADD","https://cdn.grofers.com/cdn-cgi/image/f=auto,fit=scale-down,q=70,metadata=none,w=270/da/cms-assets/cms/product/cb187a85-c252-4d6d-88a8-f19006810dda.png","","https://cdn.grofers.com/cdn-cgi/image/f=auto,fit=scale-down,q=70,metadata=none,w=90/assets/eta-icons/15-mins.png"
"1775622422-54","https://blinkit.com/cn/instant-frozen-food/herbs-seasoning/cid/15/1968","On1y Basil Leaves","14 g","₹94","₹109","13%
OFF","11 mins","ADD","https://cdn.grofers.com/cdn-cgi/image/f=auto,fit=scale-down,q=70,metadata=none,w=270/da/cms-assets/cms/product/df080d7d-8197-4a1e-87f4-12a126d2ca08.png","","https://cdn.grofers.com/cdn-cgi/image/f=auto,fit=scale-down,q=70,metadata=none,w=90/assets/eta-icons/15-mins.png"
"1775622422-55","https://blinkit.com/cn/instant-frozen-food/herbs-seasoning/cid/15/1968","On1y Chilli Flakes","34 g","₹79","₹99","20%
OFF","11 mins","ADD","","",""
"1775622422-56","https://blinkit.com/cn/instant-frozen-food/herbs-seasoning/cid/15/1968","On1y Garlic Herb Bread Seasoning","48 g","₹83","₹99","16%
OFF","11 mins","ADD","","",""
"1775622422-57","https://blinkit.com/cn/instant-frozen-food/herbs-seasoning/cid/15/1968","Abbie's Pickle Red Paprika","175 g","₹180","","","9 mins","ADD","","",""
"1775622422-58","https://blinkit.com/cn/instant-frozen-food/herbs-seasoning/cid/15/1968","On1y Mixed Herbs","14 g","₹89","₹109","18%
OFF","11 mins","ADD","","",""
"1775622422-59","https://blinkit.com/cn/instant-frozen-food/herbs-seasoning/cid/15/1968","Keya Italian Seasoning","35 g","₹111","₹130","14%
OFF","11 mins","ADD","","",""
"1775622422-60","https://blinkit.com/cn/instant-frozen-food/herbs-seasoning/cid/15/1968","Keya Piri Piri Spice Mix Multipack","40 g","₹51","₹60","15%
OFF","11 mins","ADD","","",""
"1775622422-61","https://blinkit.com/cn/instant-frozen-food/herbs-seasoning/cid/15/1968","Snapin Pasta Mix Seasoning","45 g","₹114","₹119","","11 mins","ADD","","",""
"1775622422-62","https://blinkit.com/cn/instant-frozen-food/herbs-seasoning/cid/15/1968","Snapin Piri Piri Mix Seasoning","50 g","₹90","₹99","9%
OFF","11 mins","ADD","","",""
"1775622422-63","https://blinkit.com/cn/instant-frozen-food/herbs-seasoning/cid/15/1968","On1y Black Pepper & Pink Salt Grinder","80 g","₹133","₹149","10%
OFF","11 mins","ADD","","",""
"1775622422-64","https://blinkit.com/cn/instant-frozen-food/herbs-seasoning/cid/15/1968","On1y Thyme Herb Seasoning","18 g","₹94","₹109","13%
OFF","11 mins","ADD","","",""
"1775622422-65","https://blinkit.com/cn/instant-frozen-food/herbs-seasoning/cid/15/1968","On1y Pasta Seasoning","30 g","₹83","₹99","16%
OFF","11 mins","ADD","","",""
"1775622422-66","https://blinkit.com/cn/instant-frozen-food/herbs-seasoning/cid/15/1968","Orika Peri Peri Masala /Seasoning","65 x 1 g","₹70","₹99","29%
OFF","11 mins","ADD","","",""
"1775622422-67","https://blinkit.com/cn/instant-frozen-food/herbs-seasoning/cid/15/1968","Orika Marinade Mint All Purpose Seasoning","85 g","₹59","₹99","40%
OFF","11 mins","ADD","","",""
"1775622422-68","https://blinkit.com/cn/instant-frozen-food/herbs-seasoning/cid/15/1968","Keya Oregano","150 g","₹180","₹200","10%
OFF","11 mins","ADD","","",""
"1775622422-69","https://blinkit.com/cn/instant-frozen-food/herbs-seasoning/cid/15/1968","Nature Prime Rosemary Dried Leaves","100 g","₹179","₹299","40%
OFF","9 mins","ADD","","",""
"1775622422-70","https://blinkit.com/cn/instant-frozen-food/herbs-seasoning/cid/15/1968","Nutty Chopped Dry Garlic","600 g","₹349","₹499","30%
OFF","9 mins","ADD","","",""
"1775622422-71","https://blinkit.com/cn/instant-frozen-food/herbs-seasoning/cid/15/1968","On1y Salad Seasoning Mix","50 g","₹128","₹149","14%
OFF","11 mins","ADD","","",""
"1775622422-72","https://blinkit.com/cn/instant-frozen-food/herbs-seasoning/cid/15/1968","Time Out Popcorn Sweet Chilli BBQ + Mexican Cheese Seasoning","2 x 100 g","₹300","₹320","6%
OFF","9 mins","ADD","","",""
"1775622422-73","https://blinkit.com/cn/instant-frozen-food/herbs-seasoning/cid/15/1968","Kokiri Hot Spicy Seaweed Roll","25 g","₹365","","","11 mins","ADD","","",""
"1775622422-74","https://blinkit.com/cn/instant-frozen-food/herbs-seasoning/cid/15/1968","Time Out Popcorn Cheddar Cheese + Sour Cream & Onion Seasoning","2 x 100 g","₹300","₹320","6%
OFF","9 mins","ADD","","",""
"1775622422-75","https://blinkit.com/cn/instant-frozen-food/herbs-seasoning/cid/15/1968","Urban Platter Vegan Cheddar Cheese Seasoning","100 g","₹126","₹140","Out of Stock","11 mins","","","",""
"1775622422-76","https://blinkit.com/cn/instant-frozen-food/herbs-seasoning/cid/15/1968","On1y Oregano","10 g","₹79","₹99","Out of Stock","11 mins","","","",""
"1775622422-77","https://blinkit.com/cn/instant-frozen-food/herbs-seasoning/cid/15/1968","Desire Birista Fried Onion Flakes","1 kg","₹399","₹499","Out of Stock","9 mins","","","",""
"1775622422-78","https://blinkit.com/cn/instant-frozen-food/herbs-seasoning/cid/15/1968","Keya Garlic Granules","55 g","₹90","₹99","Out of Stock","11 mins","","","",""
"1775622422-79","https://blinkit.com/cn/instant-frozen-food/herbs-seasoning/cid/15/1968","On1y Chilli Flakes","34 g","₹79","₹99","20%
OFF","11 mins","ADD","https://cdn.grofers.com/cdn-cgi/image/f=auto,fit=scale-down,q=70,metadata=none,w=270/da/cms-assets/cms/product/642e6a26-a144-48c3-81ab-159787cff27c.png","","https://cdn.grofers.com/cdn-cgi/image/f=auto,fit=scale-down,q=70,metadata=none,w=90/assets/eta-icons/15-mins.png"
"1775622422-80","https://blinkit.com/cn/instant-frozen-food/herbs-seasoning/cid/15/1968","On1y Garlic Herb Bread Seasoning","48 g","₹83","₹99","16%
OFF","11 mins","ADD","https://cdn.grofers.com/cdn-cgi/image/f=auto,fit=scale-down,q=70,metadata=none,w=270/da/cms-assets/cms/product/d97006dd-4879-4294-88be-d22344e90ea8.png","","https://cdn.grofers.com/cdn-cgi/image/f=auto,fit=scale-down,q=70,metadata=none,w=90/assets/eta-icons/15-mins.png"
"1775622422-81","https://blinkit.com/cn/instant-frozen-food/herbs-seasoning/cid/15/1968","Abbie's Pickle Red Paprika","175 g","₹180","","","9 mins","ADD","https://cdn.grofers.com/cdn-cgi/image/f=auto,fit=scale-down,q=70,metadata=none,w=270/da/cms-assets/cms/product/d7b7aa7e-4905-47fd-8632-836a8324dd6c.png","","https://cdn.grofers.com/cdn-cgi/image/f=auto,fit=scale-down,q=70,metadata=none,w=90/assets/eta-icons/15-mins.png"
"1775622422-82","https://blinkit.com/cn/instant-frozen-food/herbs-seasoning/cid/15/1968","On1y Mixed Herbs","14 g","₹89","₹109","18%
OFF","11 mins","ADD","https://cdn.grofers.com/cdn-cgi/image/f=auto,fit=scale-down,q=70,metadata=none,w=270/da/cms-assets/cms/product/017bd518-62d2-4bac-8358-caffdbfca5aa.png","","https://cdn.grofers.com/cdn-cgi/image/f=auto,fit=scale-down,q=70,metadata=none,w=90/assets/eta-icons/15-mins.png"
"1775622422-83","https://blinkit.com/cn/instant-frozen-food/herbs-seasoning/cid/15/1968","Keya Italian Seasoning","35 g","₹111","₹130","14%
OFF","11 mins","ADD","https://cdn.grofers.com/cdn-cgi/image/f=auto,fit=scale-down,q=70,metadata=none,w=270/da/cms-assets/cms/product/9fd25a66-d042-4e89-8e89-c2bba526a503.png","","https://cdn.grofers.com/cdn-cgi/image/f=auto,fit=scale-down,q=70,metadata=none,w=90/assets/eta-icons/15-mins.png"
"1775622422-84","https://blinkit.com/cn/instant-frozen-food/herbs-seasoning/cid/15/1968","Keya Piri Piri Spice Mix Multipack","40 g","₹51","₹60","15%
OFF","11 mins","ADD","https://cdn.grofers.com/cdn-cgi/image/f=auto,fit=scale-down,q=70,metadata=none,w=270/da/cms-assets/cms/product/93d40458-ff79-4ba8-9c73-87e931f41bf4.png","","https://cdn.grofers.com/cdn-cgi/image/f=auto,fit=scale-down,q=70,metadata=none,w=90/assets/eta-icons/15-mins.png"
"1775622422-85","https://blinkit.com/cn/instant-frozen-food/herbs-seasoning/cid/15/1968","Snapin Pasta Mix Seasoning","45 g","₹114","₹119","","11 mins","ADD","https://cdn.grofers.com/cdn-cgi/image/f=auto,fit=scale-down,q=70,metadata=none,w=270/da/cms-assets/cms/product/9dc16298-b91d-4b27-9987-7503aee5250e.png","",""
"1775622422-86","https://blinkit.com/cn/instant-frozen-food/herbs-seasoning/cid/15/1968","Snapin Piri Piri Mix Seasoning","50 g","₹90","₹99","9%
OFF","11 mins","ADD","https://cdn.grofers.com/cdn-cgi/image/f=auto,fit=scale-down,q=70,metadata=none,w=270/da/cms-assets/cms/product/51609f22-11b5-4dc0-a66a-c37fe7eb81a0.png","",""
"1775622422-87","https://blinkit.com/cn/instant-frozen-food/herbs-seasoning/cid/15/1968","On1y Black Pepper & Pink Salt Grinder","80 g","₹133","₹149","10%
OFF","11 mins","ADD","https://cdn.grofers.com/cdn-cgi/image/f=auto,fit=scale-down,q=70,metadata=none,w=270/da/cms-assets/cms/product/63a20bef-4180-43ba-aa6e-36c6392b0732.png","",""
"1775622422-88","https://blinkit.com/cn/instant-frozen-food/herbs-seasoning/cid/15/1968","On1y Thyme Herb Seasoning","18 g","₹94","₹109","13%
OFF","11 mins","ADD","https://cdn.grofers.com/cdn-cgi/image/f=auto,fit=scale-down,q=70,metadata=none,w=270/da/cms-assets/cms/product/98000569-e5f7-4fe7-bccc-b140761cdb83.png","",""
"1775622422-89","https://blinkit.com/cn/instant-frozen-food/herbs-seasoning/cid/15/1968","On1y Pasta Seasoning","30 g","₹83","₹99","16%
OFF","11 mins","ADD","https://cdn.grofers.com/cdn-cgi/image/f=auto,fit=scale-down,q=70,metadata=none,w=270/da/cms-assets/cms/product/a6befaa3-0de6-48fc-ab8d-6822c023b6f4.png","",""
"1775622422-90","https://blinkit.com/cn/instant-frozen-food/herbs-seasoning/cid/15/1968","Orika Peri Peri Masala /Seasoning","65 x 1 g","₹70","₹99","29%
OFF","11 mins","ADD","https://cdn.grofers.com/cdn-cgi/image/f=auto,fit=scale-down,q=70,metadata=none,w=270/da/cms-assets/cms/product/c7e7af32-2a68-427c-9263-d4b4240932d2.png","",""
"1775622422-91","https://blinkit.com/cn/instant-frozen-food/herbs-seasoning/cid/15/1968","Snapin Pasta Mix Seasoning","45 g","₹114","₹119","","11 mins","ADD","https://cdn.grofers.com/cdn-cgi/image/f=auto,fit=scale-down,q=70,metadata=none,w=270/da/cms-assets/cms/product/9dc16298-b91d-4b27-9987-7503aee5250e.png","","https://cdn.grofers.com/cdn-cgi/image/f=auto,fit=scale-down,q=70,metadata=none,w=90/assets/eta-icons/15-mins.png"
"1775622422-92","https://blinkit.com/cn/instant-frozen-food/herbs-seasoning/cid/15/1968","Snapin Piri Piri Mix Seasoning","50 g","₹90","₹99","9%
OFF","11 mins","ADD","https://cdn.grofers.com/cdn-cgi/image/f=auto,fit=scale-down,q=70,metadata=none,w=270/da/cms-assets/cms/product/51609f22-11b5-4dc0-a66a-c37fe7eb81a0.png","","https://cdn.grofers.com/cdn-cgi/image/f=auto,fit=scale-down,q=70,metadata=none,w=90/assets/eta-icons/15-mins.png"
"1775622422-93","https://blinkit.com/cn/instant-frozen-food/herbs-seasoning/cid/15/1968","On1y Black Pepper & Pink Salt Grinder","80 g","₹133","₹149","10%
OFF","11 mins","ADD","https://cdn.grofers.com/cdn-cgi/image/f=auto,fit=scale-down,q=70,metadata=none,w=270/da/cms-assets/cms/product/63a20bef-4180-43ba-aa6e-36c6392b0732.png","","https://cdn.grofers.com/cdn-cgi/image/f=auto,fit=scale-down,q=70,metadata=none,w=90/assets/eta-icons/15-mins.png"
"1775622422-94","https://blinkit.com/cn/instant-frozen-food/herbs-seasoning/cid/15/1968","On1y Thyme Herb Seasoning","18 g","₹94","₹109","13%
OFF","11 mins","ADD","https://cdn.grofers.com/cdn-cgi/image/f=auto,fit=scale-down,q=70,metadata=none,w=270/da/cms-assets/cms/product/98000569-e5f7-4fe7-bccc-b140761cdb83.png","","https://cdn.grofers.com/cdn-cgi/image/f=auto,fit=scale-down,q=70,metadata=none,w=90/assets/eta-icons/15-mins.png"
"1775622422-95","https://blinkit.com/cn/instant-frozen-food/herbs-seasoning/cid/15/1968","On1y Pasta Seasoning","30 g","₹83","₹99","16%
OFF","11 mins","ADD","https://cdn.grofers.com/cdn-cgi/image/f=auto,fit=scale-down,q=70,metadata=none,w=270/da/cms-assets/cms/product/a6befaa3-0de6-48fc-ab8d-6822c023b6f4.png","","https://cdn.grofers.com/cdn-cgi/image/f=auto,fit=scale-down,q=70,metadata=none,w=90/assets/eta-icons/15-mins.png"
"1775622422-96","https://blinkit.com/cn/instant-frozen-food/herbs-seasoning/cid/15/1968","Orika Peri Peri Masala /Seasoning","65 x 1 g","₹70","₹99","29%
OFF","11 mins","ADD","https://cdn.grofers.com/cdn-cgi/image/f=auto,fit=scale-down,q=70,metadata=none,w=270/da/cms-assets/cms/product/c7e7af32-2a68-427c-9263-d4b4240932d2.png","","https://cdn.grofers.com/cdn-cgi/image/f=auto,fit=scale-down,q=70,metadata=none,w=90/assets/eta-icons/15-mins.png"
"1775622422-97","https://blinkit.com/cn/instant-frozen-food/herbs-seasoning/cid/15/1968","Orika Marinade Mint All Purpose Seasoning","85 g","₹59","₹99","40%
OFF","11 mins","ADD","https://cdn.grofers.com/cdn-cgi/image/f=auto,fit=scale-down,q=70,metadata=none,w=270/da/cms-assets/cms/product/c00e5a7a-da15-493b-80b7-a4d2fca501e5.png","","https://cdn.grofers.com/cdn-cgi/image/f=auto,fit=scale-down,q=70,metadata=none,w=90/assets/eta-icons/15-mins.png"
"1775622422-98","https://blinkit.com/cn/instant-frozen-food/herbs-seasoning/cid/15/1968","Keya Oregano","150 g","₹180","₹200","10%
OFF","11 mins","ADD","https://cdn.grofers.com/cdn-cgi/image/f=auto,fit=scale-down,q=70,metadata=none,w=270/da/cms-assets/cms/product/9e1df11b-191d-46b6-ac69-bbf458b61ba9.png","","https://cdn.grofers.com/cdn-cgi/image/f=auto,fit=scale-down,q=70,metadata=none,w=90/assets/eta-icons/15-mins.png"
"1775622422-99","https://blinkit.com/cn/instant-frozen-food/herbs-seasoning/cid/15/1968","Nature Prime Rosemary Dried Leaves","100 g","₹179","₹299","40%
OFF","9 mins","ADD","https://cdn.grofers.com/cdn-cgi/image/f=auto,fit=scale-down,q=70,metadata=none,w=270/da/cms-assets/cms/product/0680814d-2d6d-4d2d-99c5-4bc371e873a9.png","","https://cdn.grofers.com/cdn-cgi/image/f=auto,fit=scale-down,q=70,metadata=none,w=90/assets/eta-icons/15-mins.png"
"1775622422-100","https://blinkit.com/cn/instant-frozen-food/herbs-seasoning/cid/15/1968","Nutty Chopped Dry Garlic","600 g","₹349","₹499","30%
OFF","9 mins","ADD","https://cdn.grofers.com/cdn-cgi/image/f=auto,fit=scale-down,q=70,metadata=none,w=270/da/cms-assets/cms/product/7fab288d-e564-4fa3-a4a4-4866f8d49785.png","","https://cdn.grofers.com/cdn-cgi/image/f=auto,fit=scale-down,q=70,metadata=none,w=90/assets/eta-icons/15-mins.png"
"1775622422-101","https://blinkit.com/cn/instant-frozen-food/herbs-seasoning/cid/15/1968","On1y Salad Seasoning Mix","50 g","₹128","₹149","14%
OFF","11 mins","ADD","https://cdn.grofers.com/cdn-cgi/image/f=auto,fit=scale-down,q=70,metadata=none,w=270/da/cms-assets/cms/product/bf809627-5584-460f-8ef0-747be3225f1c.png","","https://cdn.grofers.com/cdn-cgi/image/f=auto,fit=scale-down,q=70,metadata=none,w=90/assets/eta-icons/15-mins.png"
"1775622422-102","https://blinkit.com/cn/instant-frozen-food/herbs-seasoning/cid/15/1968","Time Out Popcorn Sweet Chilli BBQ + Mexican Cheese Seasoning","2 x 100 g","₹300","₹320","6%
OFF","9 mins","ADD","https://cdn.grofers.com/cdn-cgi/image/f=auto,fit=scale-down,q=70,metadata=none,w=270/da/cms-assets/cms/product/a31ca6e3-a817-4037-87db-8c341b248cc3.png","","https://cdn.grofers.com/cdn-cgi/image/f=auto,fit=scale-down,q=70,metadata=none,w=90/assets/eta-icons/15-mins.png"
"1775622422-103","https://blinkit.com/cn/instant-frozen-food/herbs-seasoning/cid/15/1968","Kokiri Hot Spicy Seaweed Roll","25 g","₹365","","","11 mins","ADD","https://cdn.grofers.com/cdn-cgi/image/f=auto,fit=scale-down,q=70,metadata=none,w=270/da/cms-assets/cms/product/ffd86458-91e2-48be-b9e8-20c059570930.png","",""
"1775622422-104","https://blinkit.com/cn/instant-frozen-food/herbs-seasoning/cid/15/1968","Time Out Popcorn Cheddar Cheese + Sour Cream & Onion Seasoning","2 x 100 g","₹300","₹320","6%
OFF","9 mins","ADD","https://cdn.grofers.com/cdn-cgi/image/f=auto,fit=scale-down,q=70,metadata=none,w=270/da/cms-assets/cms/product/4e2b5b07-8f3d-4501-99be-e67f3aaee6a5.png","",""
"1775622422-105","https://blinkit.com/cn/instant-frozen-food/herbs-seasoning/cid/15/1968","Urban Platter Vegan Cheddar Cheese Seasoning","100 g","₹126","₹140","Out of Stock","11 mins","","https://cdn.grofers.com/cdn-cgi/image/f=auto,fit=scale-down,q=70,metadata=none,w=270/da/cms-assets/cms/product/4e76add0-3514-4cd7-9ce5-69fc916e1ff2.png","",""
"1775622422-106","https://blinkit.com/cn/instant-frozen-food/herbs-seasoning/cid/15/1968","On1y Oregano","10 g","₹79","₹99","Out of Stock","11 mins","","https://cdn.grofers.com/cdn-cgi/image/f=auto,fit=scale-down,q=70,metadata=none,w=270/da/cms-assets/cms/product/fdbd36aa-cc35-4461-8ccb-694e46b6a6f9.png","",""
"1775622422-107","https://blinkit.com/cn/instant-frozen-food/herbs-seasoning/cid/15/1968","Desire Birista Fried Onion Flakes","1 kg","₹399","₹499","Out of Stock","9 mins","","https://cdn.grofers.com/cdn-cgi/image/f=auto,fit=scale-down,q=70,metadata=none,w=270/da/cms-assets/cms/product/69f51162-3f7c-4647-a93c-88124de5d217.png","",""
"1775622422-108","https://blinkit.com/cn/instant-frozen-food/herbs-seasoning/cid/15/1968","Keya Garlic Granules","55 g","₹90","₹99","Out of Stock","11 mins","","https://cdn.grofers.com/cdn-cgi/image/f=auto,fit=scale-down,q=70,metadata=none,w=270/da/cms-assets/cms/product/5ba59b42-7189-4df1-8eee-4387e4c3e991.png","",""
"1775622422-109","https://blinkit.com/cn/instant-frozen-food/herbs-seasoning/cid/15/1968","Kokiri Hot Spicy Seaweed Roll","25 g","₹365","","","11 mins","ADD","https://cdn.grofers.com/cdn-cgi/image/f=auto,fit=scale-down,q=70,metadata=none,w=270/da/cms-assets/cms/product/ffd86458-91e2-48be-b9e8-20c059570930.png","","https://cdn.grofers.com/cdn-cgi/image/f=auto,fit=scale-down,q=70,metadata=none,w=90/assets/eta-icons/15-mins.png"
"1775622422-110","https://blinkit.com/cn/instant-frozen-food/herbs-seasoning/cid/15/1968","Time Out Popcorn Cheddar Cheese + Sour Cream & Onion Seasoning","2 x 100 g","₹300","₹320","6%
OFF","9 mins","ADD","https://cdn.grofers.com/cdn-cgi/image/f=auto,fit=scale-down,q=70,metadata=none,w=270/da/cms-assets/cms/product/4e2b5b07-8f3d-4501-99be-e67f3aaee6a5.png","","https://cdn.grofers.com/cdn-cgi/image/f=auto,fit=scale-down,q=70,metadata=none,w=90/assets/eta-icons/15-mins.png"
"1775622422-111","https://blinkit.com/cn/instant-frozen-food/herbs-seasoning/cid/15/1968","Urban Platter Vegan Cheddar Cheese Seasoning","100 g","₹126","₹140","Out of Stock","11 mins","","https://cdn.grofers.com/cdn-cgi/image/f=auto,fit=scale-down,q=70,metadata=none,w=270/da/cms-assets/cms/product/4e76add0-3514-4cd7-9ce5-69fc916e1ff2.png","","https://cdn.grofers.com/cdn-cgi/image/f=auto,fit=scale-down,q=70,metadata=none,w=90/assets/eta-icons/15-mins.png"
"1775622422-112","https://blinkit.com/cn/instant-frozen-food/herbs-seasoning/cid/15/1968","On1y Oregano","10 g","₹79","₹99","Out of Stock","11 mins","","https://cdn.grofers.com/cdn-cgi/image/f=auto,fit=scale-down,q=70,metadata=none,w=270/da/cms-assets/cms/product/fdbd36aa-cc35-4461-8ccb-694e46b6a6f9.png","","https://cdn.grofers.com/cdn-cgi/image/f=auto,fit=scale-down,q=70,metadata=none,w=90/assets/eta-icons/15-mins.png"
"1775622422-113","https://blinkit.com/cn/instant-frozen-food/herbs-seasoning/cid/15/1968","Desire Birista Fried Onion Flakes","1 kg","₹399","₹499","Out of Stock","9 mins","","https://cdn.grofers.com/cdn-cgi/image/f=auto,fit=scale-down,q=70,metadata=none,w=270/da/cms-assets/cms/product/69f51162-3f7c-4647-a93c-88124de5d217.png","","https://cdn.grofers.com/cdn-cgi/image/f=auto,fit=scale-down,q=70,metadata=none,w=90/assets/eta-icons/15-mins.png"
"1775622422-114","https://blinkit.com/cn/instant-frozen-food/herbs-seasoning/cid/15/1968","Keya Garlic Granules","55 g","₹90","₹99","Out of Stock","11 mins","","https://cdn.grofers.com/cdn-cgi/image/f=auto,fit=scale-down,q=70,metadata=none,w=270/da/cms-assets/cms/product/5ba59b42-7189-4df1-8eee-4387e4c3e991.png","","https://cdn.grofers.com/cdn-cgi/image/f=auto,fit=scale-down,q=70,metadata=none,w=90/assets/eta-icons/15-mins.png"
"1775622422-115","https://blinkit.com/cn/instant-frozen-food/herbs-seasoning/cid/15/1968","Nutrilin Dried Rosemary Leaves","100 g","₹174","₹299","Out of Stock","9 mins","","https://cdn.grofers.com/cdn-cgi/image/f=auto,fit=scale-down,q=70,metadata=none,w=270/da/cms-assets/cms/product/086c0fee-d660-42ec-9a28-91272dde6557.png","","https://cdn.grofers.com/cdn-cgi/image/f=auto,fit=scale-down,q=70,metadata=none,w=90/assets/eta-icons/15-mins.png"
"1775622422-116","https://blinkit.com/cn/instant-frozen-food/herbs-seasoning/cid/15/1968","Keya Ginger Garlic Powder","50 g","₹126","₹139","Out of Stock","11 mins","","https://cdn.grofers.com/cdn-cgi/image/f=auto,fit=scale-down,q=70,metadata=none,w=270/da/cms-assets/cms/product/3fe8dc53-6621-46c7-80c8-1e0294d55e81.png","","https://cdn.grofers.com/cdn-cgi/image/f=auto,fit=scale-down,q=70,metadata=none,w=90/assets/eta-icons/15-mins.png"
"1775622422-117","https://blinkit.com/cn/instant-frozen-food/herbs-seasoning/cid/15/1968","Mai Ready Spices Fried Onion Flakes","200 g","₹175","₹199","Out of Stock","9 mins","","https://cdn.grofers.com/cdn-cgi/image/f=auto,fit=scale-down,q=70,metadata=none,w=270/da/cms-assets/cms/product/65c59ea0-6fa3-42cc-99c3-73974befe7c0.png","","https://cdn.grofers.com/cdn-cgi/image/f=auto,fit=scale-down,q=70,metadata=none,w=90/assets/eta-icons/15-mins.png"
"1775622422-118","https://blinkit.com/cn/instant-frozen-food/herbs-seasoning/cid/15/1968","On1y Piri Piri Mix","80 g","₹102","₹119","Out of Stock","11 mins","","https://cdn.grofers.com/cdn-cgi/image/f=auto,fit=scale-down,q=70,metadata=none,w=270/da/cms-assets/cms/product/7470d869-5746-4b15-a3e8-0e2abc1d7ff5.png","","https://cdn.grofers.com/cdn-cgi/image/f=auto,fit=scale-down,q=70,metadata=none,w=90/assets/eta-icons/15-mins.png"
"1775622422-119","https://blinkit.com/cn/instant-frozen-food/herbs-seasoning/cid/15/1968","On1y Italian Seasoning Mix","35 g","₹133","₹149","Out of Stock","11 mins","","https://cdn.grofers.com/cdn-cgi/image/f=auto,fit=scale-down,q=70,metadata=none,w=270/da/cms-assets/cms/product/370da9a2-b6d6-4af6-a4c8-709be2417a5e.png","","https://cdn.grofers.com/cdn-cgi/image/f=auto,fit=scale-down,q=70,metadata=none,w=90/assets/eta-icons/15-mins.png"
"1775622422-120","https://blinkit.com/cn/instant-frozen-food/herbs-seasoning/cid/15/1968","The Select Aisle Cheddar Cheese Seasoning","65 g","₹117","₹129","Out of Stock","11 mins","","https://cdn.grofers.com/cdn-cgi/image/f=auto,fit=scale-down,q=70,metadata=none,w=270/da/cms-assets/cms/product/67d94744-974e-435b-8420-f79bcfc57911.png","","https://cdn.grofers.com/cdn-cgi/image/f=auto,fit=scale-down,q=70,metadata=none,w=90/assets/eta-icons/15-mins.png"
"1775622422-121","https://blinkit.com/cn/instant-frozen-food/herbs-seasoning/cid/15/1968","Nutty Fried Onion Flakes","900 g","₹349","₹499","Out of Stock","9 mins","","","",""
"1775622422-122","https://blinkit.com/cn/instant-frozen-food/herbs-seasoning/cid/15/1968","Green Piece Seasoning Mix Set","4 x 50 g","₹309","₹796","Out of Stock","9 mins","","","",""
"1775622422-123","https://blinkit.com/cn/instant-frozen-food/herbs-seasoning/cid/15/1968","Nutty Fried Onion Flakes","900 g","₹349","₹499","Out of Stock","9 mins","","https://cdn.grofers.com/cdn-cgi/image/f=auto,fit=scale-down,q=70,metadata=none,w=270/da/cms-assets/cms/product/265e182e-e34a-4ee0-94d1-7fec184006a5.png","","https://cdn.grofers.com/cdn-cgi/image/f=auto,fit=scale-down,q=70,metadata=none,w=90/assets/eta-icons/15-mins.png"
"1775622422-124","https://blinkit.com/cn/instant-frozen-food/herbs-seasoning/cid/15/1968","Green Piece Seasoning Mix Set","4 x 50 g","₹309","₹796","Out of Stock","9 mins","","https://cdn.grofers.com/cdn-cgi/image/f=auto,fit=scale-down,q=70,metadata=none,w=270/da/cms-assets/cms/product/29b39624-4e60-40c4-9f46-348bb9c19e13.png","","https://cdn.grofers.com/cdn-cgi/image/f=auto,fit=scale-down,q=70,metadata=none,w=90/assets/eta-icons/15-mins.png"
